bodyId,type,instance
10005,AOTU019,AOTU019_R
10013,MBON01,MBON01(y5B'2a)_R
10043,ER5,ER5_L
10044,SMP108,SMP108_L
10080,OA-VUMa3,OA-VUMa3_M
10099,ExR6,ExR6_R
10104,aSP22,aSP22(DNa12)_R
10109,VES041,VES041_L
10120,OA-VPM4,OA-VPM4_L
10122,SMP108,SMP108_R
10138,oviIN,oviIN_R
10144,SMP001,SMP001_R
10167,VES041,VES041_R
10168,OA-VUMa6,OA-VUMa6(OA-VUMa7)_M
10175,OA-VUMa6,OA-VUMa6(OA-VUMa7)_M
10187,OA-VPM3,OA-VPM3_R
10230,SIP136m,SIP136m_R
10233,SIP105m,SIP105m_R
10239,AOTU042,AOTU042_R
10267,MBON14,MBON14(a3)_R
10268,CRE023,CRE023_L
10299,AstA1,AstA1_R
10324,ExR1,ExR1_R
10328,SMP709m,SMP709m_R
10337,LT34,LT34_R
10347,LHPV6q1,LHPV6q1_L
10356,LHPV5e3,LHPV5e3_L
10363,SIP029,SIP029_R
10368,CRE004,CRE004_L
10369,LAL198,LAL198_L
10378,AL-MBDL1,AL-MBDL1_R
10379,DNa10,DNa10_R
10384,DNp63,DNp63(PS113)_R
10388,DNp13,DNp13_R
10406,AOTU012,AOTU012_R
10410,AOTU035,AOTU035_R
10433,DNp10,DNp10_R
10435,AVLP032,AVLP032_L
10457,mALD1,mALD1_L
10486,LHPV10b1,LHPV10b1_R
10491,ALIN1,ALIN1_R
10511,SMP604,SMP604_R
10514,FB6A_c,FB6A_c_R
10540,APL,APL_R
10543,DNa16,DNa16(PS014)_R
10555,OA-VUMa3,OA-VUMa3_M
10564,SMP177,SMP177_L
10567,M_l2PNl20,M_l2PNl20_R
10568,FB4L,FB4L_R
10588,AVLP710m,AVLP710m_R
10601,DNpe025,DNpe025(PVLP145)_R
10618,SIP105m,SIP105m_L
10634,CRE062,CRE062_R
10635,CRE021,CRE021_R
10666,pC1x_c,pC1x_c_R
10669,CRE074,CRE074_R
10672,DNae009,DNae009(PS009)_R
10704,MBON11,MBON11(y1pedc>a/B)_L
10707,SMP593,SMP593_R
10712,DNp36,DNp36(CL342)_L
10720,CB0128,CB0128_R
10724,DNp62,DNp62(DSKMP1B)_L
10737,ALIN1,ALIN1_R
10744,FB5A,FB5A_R
10765,pMP2,pMP2_R
10774,AOTU100m,AOTU100m_R
10777,PS088,PS088_L
10798,SMP543,SMP543_R
10804,MBON20,MBON20(y1y2)_R
10811,ATL033,ATL033_R
10826,MBON21,MBON21(y4y5)_L
10850,AOTU016_c,AOTU016_c_R
10937,CL251,CL251_R
10941,GNG121,GNG121(hb828282250)_L
10977,APL,APL_L
10983,PVLP211m_a,PVLP211m_a_R
10987,CL311,CL311_R
11001,LHMB1,LHMB1_R
11022,CL053,CL053_R
11023,GNG304,GNG304_L
11032,SMP147,SMP147_R
11038,GNG321,GNG321(hb582372162)_L
11115,AVLP562,AVLP562_L
11116,pIP10,pIP10_R
11141,M_spPN4t9,M_spPN4t9_R
11170,SLP388,SLP388_R
11174,LHCENT8,LHCENT8_R
11176,MBON26,MBON26(b'2d)_R
11192,CRE040,CRE040_R
11195,M_spPN5t10,M_spPN5t10_L
11196,AOTU103m,AOTU103m_R
11236,CRE005,CRE005_L
11286,SIP126m_a,SIP126m_a_R
11318,CRE107,CRE107_R
11324,SMP177,SMP177_R
11327,PPL101,PPL101(y1ped)_R
11329,SMP272,SMP272_R
11340,ExR7,ExR7_R
11341,LHCENT2,LHCENT2_R
11343,SMP586,SMP586_R
11363,VES045,VES045_R
11383,DGI,DGI_R
11402,MBON11,MBON11(y1pedc>a/B)_R
11406,LoVC1,LoVC1(IB112)_L
11433,ExR1,ExR1_L
11452,TuTuA_2,TuTuA_2_R
11455,MBON32,MBON32(y2)_L
11526,PVLP114,PVLP114_R
11560,PPL201,PPL201_R
11584,VES047,VES047_R
11605,ER5,ER5_R
11606,LHCENT8,LHCENT8_R
11607,CRE107,CRE107_L
11618,PPL102,PPL102(y1)_L
11648,AVLP590,AVLP590_R
11659,LAL161,LAL161_R
11682,LHCENT10,LHCENT10_R
11691,LHCENT11,LHCENT11_R
11713,DNg101,DNg101_R
11723,SMP163,SMP163_R
11731,TuTuA_1,TuTuA_1_R
11734,DPM,DPM_L
11740,GNG540,GNG540_L
11741,mALB1,mALB1_L
11752,PPL103,PPL103(y2a'1)_L
11764,AOTU064,AOTU064_R
11777,MBON15,MBON15(a'1)_R
11805,MBON31,MBON31(a'1a)_R
11834,SIP091,SIP091_R
11854,AVLP717m,AVLP717m_R
11886,ExR1,ExR1_R
11900,PPL101,PPL101(y1ped)_L
11920,GNG587,GNG587_L
11933,ER2_c,ER2_c_R
11945,CRE100,CRE100_R
11958,SLP230,SLP230_R
11962,SLP130,SLP130_R
11964,SIP106m,SIP106m_R
11990,MBON22,MBON22(calyx)_R
11994,FB5L,FB5L_R
12003,LHCENT10,LHCENT10_R
12008,CRE050,CRE050_R
12037,LHCENT9,LHCENT9_R
12051,AOTU101m,AOTU101m_R
12058,SIP107m,SIP107m_R
12059,ER5,ER5_R
12074,SIP133m,SIP133m_R
12079,aIPg_m4,aIPg_m4_R
12084,AOTU063_b,AOTU063_b_R
12106,FB1G,FB1G_R
12109,OA-VUMa2,OA-VUMa2_M
12120,AVLP316,AVLP316_R
12250,PS020,PS020_R
12271,NPFL1-I,NPFL1-I_L
12281,CL344_b,CL344_b_R
12285,SMP597,SMP597_R
12310,LAL200,LAL200_R
12311,FB5D,FB5D_R
12313,SMP109,SMP109_R
12315,SMP156,SMP156_R
12321,SMP456,SMP456_R
12326,AVLP316,AVLP316_R
12327,LAL142,LAL142_R
12333,FB4M,FB4M(PPM3-FB3/4-NO-DAN)_R
12357,ER2_c,ER2_c_L
12418,CRE080_c,CRE080_c_R
12429,LAL190,LAL190_R
12430,SMP146,SMP146_L
12489,mALB3,mALB3_L
12529,GNG304,GNG304_R
12542,5-HTPMPD01,5-HTPMPD01_L
12569,DPM,DPM_R
12572,LHCENT6,LHCENT6_R
12585,SLP131,SLP131_R
12636,mALB2,mALB2_L
12654,SIP087,SIP087_L
12656,ExR1,ExR1_L
12663,SLP103,SLP103_R
12668,SMP036,SMP036_R
12676,AVLP563,AVLP563_L
12688,OA-ASM1,OA-ASM1_R
12690,MBON06,MBON06(B1>a)_L
12702,LHPV5e1,LHPV5e1_R
12706,ExR3,ExR3_L
12721,GNG322,GNG322(hb518217691)_R
12732,LHCENT5,LHCENT5_R
12751,AVLP316,AVLP316_R
12755,LAL182,LAL182_R
12761,CRE042,CRE042_R
12763,FB4K,FB4K_L
12792,AOTU023,AOTU023_R
12802,FB4B,FB4B_R
12832,CL303,CL303_L
12855,AOTU046,AOTU046_R
12859,MBON07,MBON07(a1)_R
12866,CRE076,CRE076_R
12873,CRE076,CRE076_L
12902,PPL108,PPL108_R
12910,LAL051,LAL051_R
12918,MBON22,MBON22(calyx)_L
12919,SIP052,SIP052_R
12920,SMP588,SMP588_R
12938,PS011,PS011_R
12952,AVLP714m,AVLP714m_R
13018,LHPV10d1,LHPV10d1_L
13066,SMP179,SMP179_R
13089,SIP111m,SIP111m_R
13094,ER4d,ER4d_R
13101,FB5AB,FB5AB_R
13121,SMP457,SMP457_R
13153,LHCENT1,LHCENT1_R
13173,KCab-c,KCab-c_R
13184,LAL045,LAL045_R
13240,LAL026_b,LAL026_b_R
13249,DNpe034,DNpe034(SMP486_b)_L
13307,SMP385,SMP385_L
13318,PRW072,PRW072_L
13337,AN08B020,AN08B020_L
13355,SMP589,SMP589_R
13360,SMP164,SMP164_R
13365,SIP110m_a,SIP110m_a_R
13369,SMP237,SMP237_R
13389,M_vPNml50,M_vPNml50_R
13395,ER4m,ER4m_R
13427,SMP011_a,SMP011_a_R
13428,PPL102,PPL102(y1)_R
13449,pC1x_d,pC1x_d_R
13450,LAL100,LAL100_L
13481,SMP744,SMP744_R
13495,pC1_11a,pC1_11a_R
13523,SMP165,SMP165_L
13526,SMP026,SMP026_R
13544,GNG534,GNG534_R
13572,CRE106,CRE106_R
13576,AVLP563,AVLP563_R
13596,M_lvPNm24,M_lvPNm24_R
13607,LAL137,LAL137_R
13613,LHPV5e3,LHPV5e3_R
13614,AVLP317,AVLP317_L
13631,SMP175,SMP175_R
13664,LHAV3k1,LHAV3k1_R
13686,SMP549,SMP549_R
13698,PAL01,PAL01_R
13710,LAL152,LAL152_R
13724,LAL100,LAL100_R
13737,CRE077,CRE077_R
13738,mAL_m8,mAL_m8_L
13750,AVLP749m,AVLP749m_R
13798,SIP110m_b,SIP110m_b_R
13831,SMP744,SMP744_L
13832,M_vPNml50,M_vPNml50_R
13851,SLP278,SLP278_R
13870,CRE022,CRE022_R
13877,LAL159,LAL159_R
13880,PRW003,PRW003_R
13892,PFR_b,PFR_b(PB11b)_R1_C1_irreg
13893,FB3C,FB3C_R
13932,SMP181,SMP181_R
13942,SIP126m_b,SIP126m_b_R
13966,AVLP749m,AVLP749m_R
13975,PVLP211m_b,PVLP211m_b_R
13983,PVLP118,PVLP118_L
14039,AVLP088,AVLP088_R
14061,SMP181,SMP181_L
14064,LAL007,LAL007_R
14065,IB017,IB017_L
14071,SMP553,SMP553_R
14103,SIP117m,SIP117m_L
14120,FB2D,FB2D_R
14122,AVLP749m,AVLP749m_R
14133,CRE013,CRE013_R
14139,LHPV8a1,LHPV8a1_L
14153,SMP489,SMP489_R
14182,PPL103,PPL103(y2a'1)_R
14190,LAL001,LAL001_R
14219,AVLP749m,AVLP749m_R
14221,MBON18,MBON18(a2sc)_R
14225,PPL105,PPL105(a'2a2)_R
14230,SIP117m,SIP117m_R
14268,CL199,CL199_L
14275,LHPV7c1,LHPV7c1_R
14284,ER5,ER5_R
14295,,
14338,PVLP217m,PVLP217m_R
14407,SIP137m_a,SIP137m_a_R
14420,FB4X,FB4X_R
14429,PS019,PS019_R
14434,FB4Y,FB4Y_R
14497,LHPV9b1,LHPV9b1_R
14508,AVLP749m,AVLP749m_R
14514,LHPV8a1,LHPV8a1_R
14540,FB6H,FB6H_R
14552,EL,EL_L
14605,NPFL1-I,NPFL1-I_R
14608,SMP148,SMP148_R
14609,LHAD2b1,LHAD2b1_R
14619,LAL052,LAL052_R
14652,SMP153_a,SMP153_a_R
14657,SMP152,SMP152_R
14662,SLP470,SLP470(hb5813055820)_R
14667,LHPD5d1,LHPD5d1_R
14672,SMP150,SMP150_L
14674,LAL013,LAL013_R
14687,AVLP749m,AVLP749m_R
14705,PPL107,PPL107_R
14725,SMP254,SMP254_R
14728,AVLP032,AVLP032_R
14799,LHAV3m1,LHAV3m1_R
14840,LAL101,LAL101_R
14871,EL,EL_R
14894,SMP471,SMP471_L
14896,SMP273,SMP273_R
14928,ATL034,ATL034_R
14937,SIP004,SIP004_R
14954,SLP457,SLP457_R
14956,PS002,PS002_R
14963,ER5,ER5_L
15026,SMP013,SMP013_R
15035,pC1_18b,pC1_18b_R
15090,ATL008,ATL008_L
15106,SIP046,SIP046_R
15108,mAL_m1,mAL_m1_L
15117,SMP385,SMP385_R
15118,AVLP015,AVLP015_R
15149,ATL029,ATL029_R
15232,ATL006,ATL006_R
15244,CL021,CL021_R
15310,PPL108,PPL108_L
15384,SIP108m,SIP108m_R
15401,SMP710m,SMP710m_R
15441,LAL154,LAL154_L
15449,CL175,CL175_R
15475,SIP132m,SIP132m_R
15486,LAL025,LAL025_R
15506,LHAV6g1,LHAV6g1_L
15514,AN27X013,AN27X013_R
15535,SMP384,SMP384_R
15578,SMP178,SMP178_R
15678,LHAV3j1,LHAV3j1_R
15689,LAL160,LAL160_R
15699,LAL029_e,LAL029_e_R
15708,MBON24,MBON24(B2y5)_R
15712,AOTU103m,AOTU103m_R
15746,M_lvPNm33,M_lvPNm33_R
15782,SMP384,SMP384_L
15807,aIPg_m2,aIPg_m2_R
15809,LAL012,LAL012_R
15833,DNp52,DNp52(CRE101)_R
15871,AVLP733m,AVLP733m_R
15888,FB4M,FB4M(PPM3-FB3/4-NO-DAN)_R
15962,LHPV4m1,LHPV4m1_L
15980,SMP580,SMP580_R
15990,aIPg1,aIPg1_R
16058,LHPD2c7,LHPD2c7_R
16062,SMP577,SMP577_R
16065,SMP269,SMP269_R
16071,SMP556,SMP556_R
16135,AVLP317,AVLP317_R
16160,SMP504,SMP504_R
16201,SIP076,SIP076_R
16303,PFR_a,PFR_a(PB11a)_L6_C6
16311,LAL023,LAL023_R
16317,SMP198,SMP198_R
16322,SIP019,SIP019_R
16334,SIP064,SIP064_L
16335,IB049,IB049_R
16343,ER4d,ER4d_R
16376,CRE067,CRE067_R
16400,CB2584,CB2584_R
16417,SMP253,SMP253_R
16441,SLP247,SLP247_R
16473,CRE012,CRE012_R
16495,IB048,IB048_R
16508,M_lvPNm24,M_lvPNm24_R
16548,mAL_m2b,mAL_m2b_L
16550,aIPg2,aIPg2_R
16564,GNG488,GNG488_R
16577,aIPg1,aIPg1_R
16580,SMP715m,SMP715m_R
16589,SMP192,SMP192_R
16617,CRE048,CRE048_R
16636,LHAV6g1,LHAV6g1_R
16707,LAL162,LAL162_R
16710,VES203m,VES203m_R
16719,pC1_4b,pC1_4b_R
16736,LHPV4m1,LHPV4m1_R
16767,AVLP718m,AVLP718m_R
16789,aIPg10,aIPg10_R
16804,aIPg1,aIPg1_R
16853,CRE081,CRE081_R
16857,SIP116m,SIP116m_R
16885,AN27X009,AN27X009_R
16908,FB4O,FB4O_R
16956,WEDPN5,WEDPN5_R
16960,SIP137m_b,SIP137m_b_R
16969,LHAV1e1,LHAV1e1_R
16978,SLP279,SLP279_R
16998,CB2539,CB2539_R
17016,LNO1,LNO1_R
17021,SIP017,SIP017_R
17069,AVLP702m,AVLP702m_R
17113,LAL129,LAL129_R
17114,SLP212_c,SLP212_c_R
17128,aIPg2,aIPg2_R
17144,CL038,CL038_R
17155,5-HTPMPD01,5-HTPMPD01_R
17171,ER5,ER5_R
17192,aIPg_m1,aIPg_m1_R
17194,SMP143,SMP143(SMP149)_L
17208,SMP742,SMP742_R
17232,LAL136_a,LAL136_a_R
17241,SMP555,SMP555_R
17244,ATL012,ATL012_R
17334,PLP161,PLP161_R
17341,SIP026,SIP026_R
17349,SIP108m,SIP108m_R
17384,SLP242,SLP242_R
17387,pC1_2a/2b,pC1_2a/2b_R
17419,ER6,ER6_R
17434,pC1_10c,pC1_10c_R
17488,KCa'b'-ap2,KCa'b'-ap2_R
17530,CL123_d,CL123_d_R
17591,ER4d,ER4d_R
17600,,
17639,,
17679,ER2_d,ER2_d_R
17706,LAL155,LAL155_L
17720,FB2B_b,FB2B_b_R
17751,LAL147_a,LAL147_a_R
17759,FB5N,FB5N_R
17805,aIPg1,aIPg1_R
17850,aIPg4,aIPg4_R
17900,VES206m,VES206m_R
17910,ATL003,ATL003_R
17946,MBON14,MBON14(a3)_R
17949,aIPg2,aIPg2_R
17968,CL123_c,CL123_c_R
17994,AOTU029,AOTU029_R
18005,VES203m,VES203m_R
18026,AOTU016_a,AOTU016_a_R
18031,KCa'b'-ap2,KCa'b'-ap2_R
18056,LAL197,LAL197_R
18065,FB6C_b,FB6C_b_R
18097,,18097_R
18128,LAL185,LAL185_R
18138,AOTU015,AOTU015_R
18156,ExR2,ExR2_L
18172,SIP100m,SIP100m_R
18208,SMP034,SMP034_R
18219,SLP067,SLP067_R
18221,FB2B_a,FB2B_a_R
18238,CRE009,CRE009_R
18242,CRE005,CRE005_L
18335,AOTU015,AOTU015_R
18354,SMP588,SMP588_L
18387,LHPD2d2,LHPD2d2_R
18403,LAL175,LAL175_R
18406,MBON24,MBON24(B2y5)_L
18437,FR1,FR1(FQ4)_C5_L
18508,ER2_c,ER2_c_L
18540,KCg-s1,KCg-s1_R
18586,PFR_a,PFR_a(PB11a)_L4_C4
18599,LAL147_a,LAL147_a_R
18617,SMP184,SMP184_L
18633,ER5,ER5_L
18638,CB1263,CB1263_R
18684,SMP245,SMP245_R
18708,aIPg10,aIPg10_R
18713,MBON09,MBON09(y3B'1)_L
18733,ER2_c,ER2_c_L
18749,SMP116,SMP116_L
18766,GNG485,GNG485_R
18778,CRE102,CRE102_R
18782,SMP034,SMP034_R
18796,SLP073,SLP073_R
18825,LAL029_c,LAL029_c_R
18841,,
18844,MB-C1,MB-C1_R
18849,SIP024,SIP024_R
18864,AOTU028,AOTU028_R
18874,LHPD2d1,LHPD2d1_R
18876,LAL029_d,LAL029_d_R
18889,ATL027,ATL027_R
18921,mAL6,mAL6_L
18974,pC1_3a,pC1_3a_R
18982,FB2D,FB2D_R
18983,CB0650,CB0650_L
18999,SMP713m,SMP713m_R
19015,SLP215,SLP215_R
19036,LHPD5f1,LHPD5f1_R
19044,SLP376,SLP376_R
19065,CRE007,CRE007_R
19066,AOTU016_b,AOTU016_b_R
19072,ER5,ER5_R
19079,SMP038,SMP038_R
19085,pC1_1a,pC1_1a_R
19102,KCg-d,KCg-d_R
19121,SIP101m,SIP101m_R
19136,pC1_3c,pC1_3c_L
19212,LH004m,LH004m_R
19267,MBON09,MBON09(y3B'1)_L
19308,LAL186,LAL186_R
19314,LHPV7b1,LHPV7b1_L
19318,LAL029_a,LAL029_a_R
19323,ER4d,ER4d_R
19338,LAL176,LAL176_R
19355,ER2_c,ER2_c_R
19368,PVLP210m,PVLP210m_R
19373,FB4P_c,FB4P_c_R
19375,CL025,CL025_R
19392,SLP021,SLP021_R
19410,ER4d,ER4d_L
19425,ER2_c,ER2_c_R
19519,CB0356,CB0356_R
19541,LAL155,LAL155_R
19554,LAL028,LAL028_R
19566,LAL029_b,LAL029_b_R
19569,ER2_c,ER2_c_R
19594,CRE039,CRE039_R
19615,SIP090,SIP090(no left?)_R
19616,LAL208,LAL208_R
19618,ATL012,ATL012_R
19672,pC1_13a,pC1_13a_R
19737,ER4d,ER4d_R
19781,LH007m,LH007m_R
19791,ER4d,ER4d_L
19807,ER2_c,ER2_c_L
19858,LAL175,LAL175_R
19894,pC1_3c,pC1_3c_R
19902,VES040,VES040_R
19917,ER2_c,ER2_c_R
19935,ER2_c,ER2_c_R
19948,pC1_3c,pC1_3c_R
19968,pC1_10d,pC1_10d_R
20026,ER5,ER5_L
20070,FR2,FR2_C2_L
20117,pC1_4a,pC1_4a_R
20123,LHCENT12_a,LHCENT12_a_R
20233,ExR7,ExR7_L
20239,SIP118m,SIP118m_R
20251,PVLP200m_a,PVLP200m_a_R
20253,ER2_a,ER2_a_R
20254,SIP066,SIP066_L
20272,SMP012,SMP012_R
20302,SMP568_b,SMP568_b_R
20322,KCa'b'-ap2,KCa'b'-ap2_R
20335,mAL_m3c,mAL_m3c_L
20353,SMP336,SMP336_R
20392,pC1_2c,pC1_2c_R
20404,ER4d,ER4d_L
20418,DNpe053,DNpe053(SMP454)_R
20447,AOTU008,AOTU008_R
20563,AVLP494,AVLP494_R
20650,SIP121m,SIP121m_R
20653,ER4d,ER4d_L
20705,LAL155,LAL155_R
20715,EL,EL_L
20747,AOTU043,AOTU043_R
20757,VES203m,VES203m_R
20773,KCg-m,KCg-m_R
20803,pC1_4a,pC1_4a_R
20823,LH006m,LH006m_L
20828,AVLP496,AVLP496_R
20835,MBON23,MBON23(a2sp)_R
20875,SMP712m,SMP712m_R
20899,SMP588,SMP588_R
20922,LAL027,LAL027_R
20936,PLP161,PLP161_R
20945,ER2_c,ER2_c_R
20958,aIPg9,aIPg9_R
20986,CB2549,CB2549_R
21053,FB5AA,FB5AA_R
21059,ER2_d,ER2_d_R
21067,SMP291,SMP291_R
21145,PPL104,PPL104(a'3)_R
21157,CRE090,CRE090_R
21160,SMP180,SMP180_R
21204,FB4D_a,FB4D_a_R
21214,SMP025,SMP025_R
21242,MBON09,MBON09(y3B'1)_R
21258,SMP240,SMP240_R
21433,LH008m,LH008m_R
21449,ER2_c,ER2_c_R
21472,SMP245,SMP245_R
21519,FB2A,FB2A_R
21591,SIP104m,SIP104m_R
21647,SIP121m,SIP121m_R
21663,PVLP205m,PVLP205m_R
21665,SMP451,SMP451_R
21678,ICL010m,ICL010m_R
21692,SIP087,SIP087_R
21719,LAL008,LAL008_R
21739,AVLP752m,AVLP752m_R
21771,CRE080_a,CRE080_a_R
21792,SIP024,SIP024_R
21799,CL123_b,CL123_b_R
21833,CRE078,CRE078_R
21849,LAL155,LAL155_L
21911,FB2D,FB2D_R
21951,AVLP753m,AVLP753m_R
22045,LH006m,LH006m_R
22083,FB4K,FB4K_L
22084,EL,EL_L
22191,LAL177,LAL177_R
22219,SIP135m,SIP135m_R
22226,SLP473,SLP473(5901212906)_R
22291,FB6V,FB6V_R
22386,SMP143,SMP143(SMP149)_R
22405,SMP568_b,SMP568_b_R
22406,SMP172,SMP172_R
22419,LAL192,LAL192_R
22442,SMP561,SMP561_R
22461,ER4d,ER4d_R
22504,LH002m,LH002m_R
22533,KCg-m,KCg-m_R
22578,CL123_e,CL123_e_R
22657,PFGs,PFGs(PB10)_L9_C9
22700,FB4Q_a,FB4Q_a_R
22720,AVLP753m,AVLP753m_R
22801,SMP025,SMP025_R
22839,aIPg5,aIPg5_R
22866,SMP507,SMP507_R
22870,CRE105,CRE105_L
22881,aIPg_m1,aIPg_m1_R
22884,ExR5,ExR5_L
22928,SLP112,SLP112_R
22929,SMP170,SMP170_R
22969,SMP096,SMP096_R
22995,KCa'b'-ap2,KCa'b'-ap2_R
23037,KCab-s,KCab-s_R
23080,ER4d,ER4d_R
23141,SIP069,SIP069_R
23158,FLA001m,FLA001m_R
23193,aIPg7,aIPg7_R
23197,ER4d,ER4d_L
23198,CRE103,CRE103_R
23261,SMP568_d,SMP568_d_R
23315,ER4d,ER4d_L
23418,AVLP753m,AVLP753m_R
23473,FB5V_a,FB5V_a_R
23474,AVLP496,AVLP496_R
23504,aIPg7,aIPg7_R
23520,ER4d,ER4d_L
23555,CB2689,CB2689_R
23563,CRE106,CRE106_R
23601,FB4Y,FB4Y_R
23673,LHPD2c1,LHPD2c1_R
23700,CB0650,CB0650_R
23733,SMP568_c,SMP568_c_R
23789,pC1_16a,pC1_16a_L
23795,SIP037,SIP037_R
23800,FB6M,FB6M_R
23839,PS032,PS032_R
23846,FB4N,FB4N_R
23874,ER4d,ER4d_R
23903,CRE088,CRE088_R
23924,pC1_13b,pC1_13b_L
23947,AVLP494,AVLP494_R
23991,PVLP205m,PVLP205m_R
24060,AVLP743m,AVLP743m_R
24076,ER4d,ER4d_R
24088,FB4D_c,FB4D_c_R
24107,SMP245,SMP245_R
24122,ER4d,ER4d_R
24151,LH002m,LH002m_R
24156,SIP070,SIP070_R
24163,SLP112,SLP112_R
24204,KCg-m,KCg-m_R
24225,IB049,IB049_R
24231,,24231_R
24249,,24249_R
24396,SIP022,SIP022_R
24459,ER4d,ER4d_L
24518,CB4150,CB4150_R
24546,SMP015,SMP015_R
24594,LHAD2e3,LHAD2e3_R
24620,SMP588,SMP588_L
24693,AVLP496,AVLP496_R
24695,KCab-m,KCab-m_R
24780,SIP142m,SIP142m_R
24830,SIP076,SIP076_R
24878,SIP066,SIP066_R
24879,ER4d,ER4d_L
24901,SMP568_c,SMP568_c_L
25017,KCg-m,KCg-m_R
25030,KCg-s2,KCg-s2_R
25037,AVLP753m,AVLP753m_R
25045,FR1,FR1(FQ4)_C3_L
25085,SIP071,SIP071_R
25195,LHPD2a2,LHPD2a2_R
25229,LHPD2a1,LHPD2a1_R
25301,SIP122m,SIP122m_R
25359,ER3p_a,ER3p_a_R
25363,SMP250,SMP250_R
25492,,
25554,FB4F_c,FB4F_c_R
25557,FLA001m,FLA001m_L
25577,SMP399_a,SMP399_a_R
25631,KCa'b'-ap1,KCa'b'-ap1_R
25635,AVLP471,AVLP471_R
25709,ER2_c,ER2_c_L
25719,LHAD1b2_d,LHAD1b2_d_R
25740,pC1_14b,pC1_14b_R
25746,pC1_16b,pC1_16b_R
25763,FB5N,FB5N_R
25780,SMP568_b,SMP568_b_L
25789,LH008m,LH008m_R
25791,CRE015,CRE015_R
25797,ER4d,ER4d_L
25879,KCab-m,KCab-m_R
25919,CRE059,CRE059_L
25945,GNG488,GNG488_R
25975,CRE027,CRE027_L
25977,FLA003m,FLA003m_R
25997,CRE059,CRE059_R
26039,LHAD1b2_d,LHAD1b2_d_R
26099,SIP076,SIP076_L
26118,PLP162,PLP162_R
26130,SMP011_b,SMP011_b_R
26148,SLP259,SLP259_R
26179,SMP019,SMP019_R
26193,CB4231,CB4231_L
26208,PLP162,PLP162_R
26221,CB3874,CB3874_L
26287,FB4C,FB4C_R
26485,MBON28,MBON28(a'3a)_R
26534,CB3910,CB3910_R
26579,SLP122_b,SLP122_b_R
26641,CRE027,CRE027_R
26714,LoVP83,LoVP83_R
26720,CRE024,CRE024_R
26722,aIPg5,aIPg5_R
26750,FLA001m,FLA001m_L
26792,KCg-m,KCg-m_R
26853,MBON19,MBON19(a2p3p)_R
26886,ATL036,ATL036_R
26953,LHPD2a2,LHPD2a2_R
26974,LHAD3d4,LHAD3d4_R
26987,SMP568_c,SMP568_c_R
26993,pC1_1b,pC1_1b_R
27025,LHAD2d1,LHAD2d1_R
27054,SIP077,SIP077_R
27060,CRE103,CRE103_R
27077,SLP112,SLP112_R
27117,LAL115,LAL115_L
27151,LH002m,LH002m_R
27161,LHPD2a2,LHPD2a2_R
27280,SLP113,SLP113_R
27281,SLP170,SLP170_R
27341,ATL026,ATL026_R
27342,CRE014,CRE014_R
27359,PLP122_b,PLP122_b_R
27403,CRE066,CRE066_R
27459,SIP101m,SIP101m_L
27524,CRE072,CRE072_R
27534,CB2592,CB2592_R
27545,CB1149,CB1149_R
27583,KCg-m,KCg-m_R
27721,SIP076,SIP076_R
27756,CB1308,CB1308_R
27770,ER3w_b,ER3w_b_R
27795,CB3909,CB3909_R
27870,SIP119m,SIP119m_R
27907,GNG595,GNG595_R
27945,SLP450,SLP450_R
27954,CRE051,CRE051_R
28111,PS033_a,PS033_a_R
28146,PFR_a,PFR_a(PB11a)_L7_C7
28179,SIP020_a,SIP020_a_R
28234,SMP002,SMP002_R
28236,LH003m,LH003m_R
28286,FB4O,FB4O_R
28317,CB3469,CB3469_R
28339,ER4d,ER4d_R
28364,FB5I,FB5I_R
28392,SMP151,SMP151_R
28401,LoVP77,LoVP77_R
28434,PAM10,PAM10(B1)_R
28499,SLP472,SLP472_R
28610,SIP076,SIP076_R
28622,MBON28,MBON28(a'3a)_L
28631,KCg-m,KCg-m_R
28641,AVLP753m,AVLP753m_L
28666,SIP076,SIP076_L
28671,AOTU022,AOTU022_R
28685,CRE070,CRE070_R
28779,CB2539,CB2539_R
28812,CRE066,CRE066_L
28901,ANXXX136,ANXXX136_R
28951,LH008m,LH008m_R
28986,CB0994,CB0994_L
29046,ER3d_b,ER3d_b_R
29226,CB3319,CB3319_R
29283,LH006m,LH006m_R
29336,LH008m,LH008m_R
29350,CB0650,CB0650_L
29388,pC1_15c,pC1_15c_R
29419,SMP568_a,SMP568_a_L
29471,KCab-m,KCab-m_R
29537,FB2B_a,FB2B_a_R
29555,CB1149,CB1149_R
29565,PAM10,PAM10(B1)_R
29582,FB5C,FB5C_R
29662,CB1841,CB1841_L
29715,AOTU062,AOTU062_R
29721,AVLP742m,AVLP742m_L
29728,KCg-m,KCg-m_R
29752,SMP030,SMP030_R
29765,SIP130m,SIP130m_R
29799,CRE027,CRE027_L
29806,SMP568_a,SMP568_a_L
29827,CRE037,CRE037_R
29921,SMP006,SMP006_R
29958,CRE103,CRE103_R
30057,SLP113,SLP113_R
30115,SIP042_b,SIP042_b_R
30181,PFR_b,PFR_b(PB11b)_L7_C8
30189,SLP021,SLP021_R
30206,ER5,ER5_R
30331,SMP568_a,SMP568_a_R
30397,KCg-d,KCg-d_R
30402,SMP711m,SMP711m_R
30406,CRE001,CRE001_R
30426,SMP408_d,SMP408_d_R
30519,mALB3,mALB3_L
30546,pC1_10d,pC1_10d_R
30716,SMP568_a,SMP568_a_R
30771,AOTU020,AOTU020_R
30927,FB4P_a,FB4P_a_R
30964,SMP565,SMP565_R
30981,SMP568_a,SMP568_a_R
31011,PVLP008_c,PVLP008_c_R
31016,MBON17,MBON17(a'3m)_L
31022,FB6U,FB6U_R
31075,CB3874,CB3874_R
31083,MBON15-like,MBON15-like(a'1a'2)_L
31291,LHPD2a2,LHPD2a2_R
31297,LHPD2a1,LHPD2a1_R
31353,SLP451,SLP451_R
31365,PS034,PS034_R
31504,CB1352,CB1352_R
31627,PFR_b,PFR_b(PB11b)_L3_C4
31681,ER1_a,ER1_a_R
31720,KCg-m,KCg-m_R
31723,CB4141,CB4141_R
31733,CB2687,CB2687_R
31742,LoVP80,LoVP80_R
31753,CB1795,CB1795_R
31827,SIP116m,SIP116m_R
31876,CRE103,CRE103_L
31904,SMP405,SMP405_R
31914,SMP572,SMP572_R
32150,PVLP205m,PVLP205m_L
32319,CRE016,CRE016_R
32368,SIP070,SIP070_R
32604,CB1220,CB1220_R
32654,LH003m,LH003m_L
32708,CRE059,CRE059_L
32758,CB1454,CB1454_R
32784,CB0994,CB0994_R
32788,pC1_18b,pC1_18b_R
32818,CRE060,CRE060_R
32835,LH002m,LH002m_R
32865,PAM10,PAM10(B1)_L
32910,CB2934,CB2934_L
32911,SIP119m,SIP119m_R
32913,CB4205,CB4205_R
32937,LH008m,LH008m_R
32939,PS021,PS021_R
32976,FB7E,FB7E_R
33011,CRE066,CRE066_L
33038,CL129,CL129_R
33125,FB2G_a,FB2G_a_R
33156,CB1804,CB1804_R
33298,PFR_b,PFR_b(PB11b)_L6_C7
33340,LHAV2k9,LHAV2k9_R
33438,SMP572,SMP572_R
33453,SMP239,SMP239_R
33569,SLP405_b,SLP405_b_R
33617,MBON19,MBON19(a2p3p)_R
33632,SIP130m,SIP130m_R
33775,LHPD2a4_b,LHPD2a4_b_R
33779,LHPD2a1,LHPD2a1_R
33858,SIP053,SIP053_R
33911,ER3a_b,ER3a_b_R
34089,LH002m,LH002m_R
34101,AOTU047,AOTU047_R
34106,FB3C,FB3C_R
34131,CB1795,CB1795_R
34187,LAL042,LAL042_R
34188,EL,EL_L
34241,SMP571,SMP571_R
34529,IB017,IB017_R
34607,ER4d,ER4d_L
34737,ER3a_b,ER3a_b_R
34751,CB1128,CB1128_R
34870,KCab-p,KCab-p_R
34871,SMP398_b,SMP398_b_R
34896,SMP026,SMP026_L
34903,CRE045,CRE045_R
34907,LHPV5a1,LHPV5a1_R
34920,SMP191,SMP191_R
34922,ER3a_b,ER3a_b_R
35088,FB3C,FB3C_R
35279,SMP567,SMP567_R
35352,LoVP83,LoVP83_R
35364,SIP033,SIP033_R
35425,LH006m,LH006m_R
35453,SLP328,SLP328_R
35591,LAL061,LAL061_R
35604,CB3476,CB3476_R
35728,AOTU007_b,AOTU007_b_R
35736,KCa'b'-m,KCa'b'-m_R
35775,KCa'b'-ap2,KCa'b'-ap2_R
35811,LHPD2c2,LHPD2c2_R
35898,LoVP83,LoVP83_R
35924,SIP128m,SIP128m_R
35945,CL123_a,CL123_a_R
36011,CB4150,CB4150_L
36054,CB2784,CB2784_R
36090,CRE067,CRE067_L
36119,KCa'b'-ap1,KCa'b'-ap1_R
36146,M_lvPNm28,M_lvPNm28_R
36161,LAL031,LAL031_R
36245,SMP145,SMP145_L
36374,SMP568_b,SMP568_b_R
36378,KCg-m,KCg-m_R
36384,ER1_b,ER1_b_R
36423,FB4L,FB4L_R
36459,CB2706,CB2706_R
36470,FB4J,FB4J_R
36482,KCab-c,KCab-c_R
36556,CB1308,CB1308_R
36601,SLP150,SLP150_L
36624,PAM10,PAM10(B1)_R
36713,KCa'b'-ap1,KCa'b'-ap1_R
36723,KCg-d,KCg-d_R
36751,CRE039,CRE039_L
36825,LHAD1b2_b,LHAD1b2_b_R
36888,CB4220,CB4220_R
36939,LHAV2k9,LHAV2k9_R
36979,AOTU007_a,AOTU007_a_R
37004,FC1C_a,FC1C_a_C8_L
37293,KCa'b'-ap1,KCa'b'-ap1_R
37297,LHPD2b1,LHPD2b1_R
37300,SIP115m,SIP115m_R
37432,KCg-m,KCg-m_R
37511,CRE025,CRE025_R
37639,CL261,CL261_R
37720,KCab-s,KCab-s_R
37744,CB3185,CB3185_R
37843,CRE001,CRE001_R
37845,PAM04,PAM04(B2)_R
37860,KCa'b'-ap2,KCa'b'-ap2_R
37879,aIPg8,aIPg8_R
37902,CB3212,CB3212_R
37904,KCa'b'-ap1,KCa'b'-ap1_R
37920,SMP006,SMP006_R
37964,SIP011,SIP011_R
37997,SIP071,SIP071_R
38024,CB0396,CB0396_R
38121,KCa'b'-ap1,KCa'b'-ap1_R
38219,SIP076,SIP076_R
38221,CRE092,CRE092_R
38222,AOTU007_b,AOTU007_b_R
38262,M_lvPNm29,M_lvPNm29_R
38268,ER1_b,ER1_b_R
38272,CRE105,CRE105_R
38290,mAL_m3b,mAL_m3b_L
38338,LAL030_a,LAL030_a_R
38351,CB2687,CB2687_R
38476,SMP509,SMP509_R
38528,KCa'b'-ap1,KCa'b'-ap1_R
38657,KCg-d,KCg-d_R
38689,LH001m,LH001m_R
38774,KCa'b'-ap1,KCa'b'-ap1_R
38777,SMP194,SMP194_R
38835,FR1,FR1(FQ4)_C6_L
38853,MBON15,MBON15(a'1)_L
38915,AOTU020,AOTU020_R
38934,KCa'b'-ap2,KCa'b'-ap2_R
38967,KCg-m,KCg-m_R
39091,FB4P_a,FB4P_a_R
39193,SMP031,SMP031_R
39205,KCa'b'-ap1,KCa'b'-ap1_R
39246,CRE066,CRE066_R
39368,SMP568_a,SMP568_a_R
39377,SLP461,SLP461_R
39474,,39474_R
39655,KCa'b'-ap1,KCa'b'-ap1_R
39707,SMP573,SMP573_R
39798,ER5,ER5_L
39805,SIP019,SIP019_L
39989,LHAD3d5,LHAD3d5_R
40066,KCa'b'-ap2,KCa'b'-ap2_R
40221,SMP405,SMP405_R
40285,SIP076,SIP076_L
40324,CRE067,CRE067_L
40335,CRE059,CRE059_R
40486,LHPD2a2,LHPD2a2_R
40602,KCg-m,KCg-m_R
40615,KCa'b'-ap1,KCa'b'-ap1_R
40680,PS037,PS037_R
40685,M_lvPNm31,M_lvPNm31_R
40695,ATL007,ATL007_R
40740,LHAD1b2,LHAD1b2_R
40788,KCa'b'-ap2,KCa'b'-ap2_R
41057,CB3507,CB3507_R
41086,SMP179,SMP179_L
41150,KCg-m,KCg-m_R
41270,LHAV9a1_b,LHAV9a1_b_L
41406,KCab-c,KCab-c_R
41510,LHPD2b1,LHPD2b1_R
41544,FB4R,FB4R_R
41554,FB5P,FB5P_R
41645,KCa'b'-ap2,KCa'b'-ap2_R
41692,MBON17,MBON17(a'3m)_R
41812,CB4209,CB4209_R
41899,KCa'b'-ap2,KCa'b'-ap2_R
41968,KCa'b'-ap1,KCa'b'-ap1_R
42059,PEG,PEG(PB07)_L9
42182,KCa'b'-ap2,KCa'b'-ap2_R
42185,KCab-p,KCab-p_R
42260,KCa'b'-ap1,KCa'b'-ap1_R
42425,KCg-m,KCg-m_R
42460,,
42531,SIP047,SIP047_R
42582,KCab-s,KCab-s_R
42793,FB4I,FB4I_R
42813,KCa'b'-m,KCa'b'-m_R
43031,LH001m,LH001m_R
43152,CRE018,CRE018_R
43179,LHPD2a1,LHPD2a1_R
43278,SIP116m,SIP116m_R
43321,KCab-m,KCab-m_R
43358,KCa'b'-ap1,KCa'b'-ap1_R
43363,M_lvPNm30,M_lvPNm30_R
43407,,
43462,KCa'b'-ap1,KCa'b'-ap1_R
43474,KCab-m,KCab-m_R
43532,SIP034,SIP034_R
43584,ATL038,ATL038_R
43760,PAL03,PAL03_R
43804,CB0325,CB0325_R
43806,LAL050,LAL050(LAL062)_R
43881,PFR_a,PFR_a(PB11a)_L5_C5
43889,KCa'b'-ap2,KCa'b'-ap2_R
43899,KCa'b'-ap1,KCa'b'-ap1_R
44024,KCg-m,KCg-m_R
44091,CRE043_a2,CRE043_a2_R
44179,KCa'b'-ap2,KCa'b'-ap2_R
44217,CRE050,CRE050_L
44314,KCa'b'-ap2,KCa'b'-ap2_R
44398,CRE092,CRE092_R
44486,SIP037,SIP037_R
44505,,44505_R
44557,KCa'b'-m,KCa'b'-m_R
44576,SIP006,SIP006_R
44619,MBON15-like,MBON15-like(a'1a'2)_R
44637,SIP076,SIP076_L
44648,LHPD2a4_a,LHPD2a4_a_R
44739,PS018_b,PS018_b_R
44748,KCa'b'-ap2,KCa'b'-ap2_R
44785,WED002,WED002_R
44798,SMP210,SMP210_R
44909,ER5,ER5_L
44940,KCg-m,KCg-m_R
45024,FB1C,FB1C_R
45032,KCab-s,KCab-s_R
45388,KCa'b'-ap1,KCa'b'-ap1_R
45427,EL,EL_R
45529,KCab-s,KCab-s_R
45553,KCg-m,KCg-m_R
45563,KCg-m,KCg-m_R
45633,SMP493,SMP493_R
45721,KCab-s,KCab-s_R
45736,KCg-m,KCg-m_R
45761,KCg-m,KCg-m_R
45773,CB4194,CB4194_R
45872,LHPV3a2,LHPV3a2_L
45936,CRE067,CRE067_R
45998,CB2719,CB2719_R
46008,FB4P_b,FB4P_b_R
46056,KCa'b'-ap2,KCa'b'-ap2_R
46118,KCa'b'-ap1,KCa'b'-ap1_R
46195,KCg-m,KCg-m_R
46237,,
46277,SMP376,SMP376_R
46398,KCab-p,KCab-p_R
46409,LAL030_a,LAL030_a_R
46425,KCa'b'-m,KCa'b'-m_R
46592,KCab-s,KCab-s_R
46693,LHAD1b2,LHAD1b2_R
46743,LAL075,LAL075_R
46764,EL,EL_R
46788,LAL030_b,LAL030_b_R
46794,PAM04,PAM04(B2)_R
46924,SMP476,SMP476_R
47008,SMP482,SMP482_L
47026,KCg-m,KCg-m_R
47196,PAM07,PAM07(y4<y1y2)_R
47231,SLP450,SLP450_R
47269,CRE071,CRE071_L
47401,KCa'b'-m,KCa'b'-m_L
47434,SMP208,SMP208_R
47435,KCa'b'-ap1,KCa'b'-ap1_R
47464,ER3d_d,ER3d_d_R
47470,CB1200,CB1200_R
47601,CRE052,CRE052_R
47630,KCa'b'-ap2,KCa'b'-ap2_R
47732,KCa'b'-ap1,KCa'b'-ap1_R
47737,KCa'b'-ap1,KCa'b'-ap1_R
47773,SMP247,SMP247_R
47792,CB4209,CB4209_R
47793,KCa'b'-m,KCa'b'-m_R
47827,LHPD2a4_b,LHPD2a4_b_R
47834,KCa'b'-ap1,KCa'b'-ap1_R
47989,LoVP81,LoVP81_R
47990,CB3060,CB3060_R
48009,KCa'b'-ap2,KCa'b'-ap2_R
48021,KCg-m,KCg-m_R
48113,PAM10,PAM10(B1)_L
48126,SIP089,SIP089_R
48174,KCa'b'-ap1,KCa'b'-ap1_R
48219,KCab-p,KCab-p_R
48228,SIP073,SIP073_R
48290,SLP113,SLP113_R
48443,KCa'b'-ap1,KCa'b'-ap1_R
48448,SMP009,SMP009_L
48453,CB2066,CB2066_R
48517,KCa'b'-ap1,KCa'b'-ap1_R
48729,KCa'b'-ap1,KCa'b'-ap1_R
48779,KCa'b'-ap2,KCa'b'-ap2_R
48786,CRE043_b,CRE043_b_R
48791,CB2787,CB2787_R
48829,KCa'b'-ap1,KCa'b'-ap1_R
48839,SIP015,SIP015_R
48910,LHPD2c2,LHPD2c2_R
48912,KCa'b'-ap2,KCa'b'-ap2_R
48975,KCg-m,KCg-m_R
49073,KCg-m,KCg-m_R
49204,SIP074_a,SIP074_a_R
49262,MBON10,MBON10(B'1)_R
49354,KCab-c,KCab-c_R
49365,KCab-s,KCab-s_R
49425,CRE092,CRE092_R
49464,AVLP742m,AVLP742m_L
49594,KCab-s,KCab-s_R
49603,LHPD2c7,LHPD2c7_R
49618,FB6Q,FB6Q_R
49661,KCa'b'-ap1,KCa'b'-ap1_R
49692,LHPV5c1,LHPV5c1_R
49750,KCa'b'-ap2,KCa'b'-ap2_R
49752,KCg-m,KCg-m_R
49774,KCa'b'-m,KCa'b'-m_R
49899,KCa'b'-m,KCa'b'-m_R
49916,SMP087,SMP087_R
49959,SIP122m,SIP122m_R
49978,KCa'b'-ap1,KCa'b'-ap1_R
49987,KCg-m,KCg-m_R
50057,KCa'b'-ap1,KCa'b'-ap1_R
50065,KCa'b'-ap1,KCa'b'-ap1_R
50123,KCab-s,KCab-s_R
50427,KCab-s,KCab-s_R
50454,KCa'b'-m,KCa'b'-m_R
50583,SLP103,SLP103_R
50659,KCab-c,KCab-c_R
50662,PLP046,PLP046_R
50709,CB2469,CB2469_R
50740,CB3399,CB3399_R
50746,KCa'b'-ap1,KCa'b'-ap1_R
50750,SLP104,SLP104_R
50776,KCab-s,KCab-s_R
50808,ER4d,ER4d_L
50839,KCg-m,KCg-m_R
50888,ER2_c,ER2_c_L
50911,CRE054,CRE054_R
51010,KCa'b'-ap1,KCa'b'-ap1_R
51054,KCa'b'-ap2,KCa'b'-ap2_R
51093,KCg-m,KCg-m_R
51096,FLA001m,FLA001m_R
51113,KCg-m,KCg-m_R
51116,CB3030,CB3030_R
51168,CB1841,CB1841_R
51254,KCa'b'-ap2,KCa'b'-ap2_R
51302,CB1924,CB1924_R
51314,SMP215,SMP215_R
51318,KCa'b'-ap2,KCa'b'-ap2_R
51383,KCa'b'-ap1,KCa'b'-ap1_R
51394,KCab-p,KCab-p_R
51426,CB1171,CB1171_R
51428,KCg-m,KCg-m_R
51518,SIP076,SIP076_L
51539,SLP429,SLP429_R
51548,CB1171,CB1171_R
51555,EL,EL_L
51556,KCa'b'-ap1,KCa'b'-ap1_R
51600,KCab-p,KCab-p_R
51609,CRE080_b,CRE080_b_R
51686,KCab-p,KCab-p_R
51688,KCa'b'-ap2,KCa'b'-ap2_R
51710,SIP005,SIP005_R
51745,KCa'b'-m,KCa'b'-m_R
51753,KCa'b'-m,KCa'b'-m_R
51851,SIP051,SIP051_R
51883,KCg-m,KCg-m_R
51894,KCa'b'-ap2,KCa'b'-ap2_R
51901,SLP150,SLP150_R
52035,SLP103,SLP103_R
52140,KCa'b'-ap1,KCa'b'-ap1_R
52156,KCg-m,KCg-m_R
52190,CB1168,CB1168_R
52267,KCa'b'-m,KCa'b'-m_R
52337,KCa'b'-ap2,KCa'b'-ap2_R
52342,CRE054,CRE054_R
52397,FB8I,FB8I_R
52460,SIP027,SIP027_R
52465,LHPV5a2,LHPV5a2_R
52518,KCg-m,KCg-m_R
52533,LHAD1b5,LHAD1b5_R
52567,SMP443,SMP443_R
52581,KCa'b'-ap1,KCa'b'-ap1_R
52613,KCa'b'-m,KCa'b'-m_R
52680,CB1434,CB1434_R
52706,KCa'b'-m,KCa'b'-m_R
52728,FB5M,FB5M_R
52789,KCa'b'-ap2,KCa'b'-ap2_R
52793,CB2230,CB2230_R
52811,SIP088,SIP088_L
52865,LoVP81,LoVP81_R
52877,KCa'b'-ap2,KCa'b'-ap2_R
52899,CB3052,CB3052_R
52907,KCg-d,KCg-d_R
52933,KCa'b'-ap2,KCa'b'-ap2_R
52965,LHPV5a1,LHPV5a1_R
52972,KCa'b'-m,KCa'b'-m_R
53014,KCab-s,KCab-s_R
53050,KCg-m,KCg-m_R
53144,KCg-m,KCg-m_R
53173,KCg-m,KCg-m_R
53178,KCg-m,KCg-m_R
53220,CB1149,CB1149_R
53221,KCa'b'-ap2,KCa'b'-ap2_R
53250,KCa'b'-ap2,KCa'b'-ap2_R
53267,KCg-m,KCg-m_R
53321,LHPD2a1,LHPD2a1_R
53382,KCa'b'-ap2,KCa'b'-ap2_R
53424,SIP053,SIP053_R
53448,KCa'b'-m,KCa'b'-m_R
53472,KCg-m,KCg-m_R
53535,KCa'b'-ap1,KCa'b'-ap1_R
53592,KCa'b'-ap1,KCa'b'-ap1_R
53645,KCa'b'-ap2,KCa'b'-ap2_R
53655,KCg-m,KCg-m_R
53686,KCa'b'-ap2,KCa'b'-ap2_R
53688,KCg-m,KCg-m_R
53766,KCa'b'-ap2,KCa'b'-ap2_R
53818,LAL071,LAL071_R
53833,KCa'b'-m,KCa'b'-m_R
53851,KCa'b'-ap2,KCa'b'-ap2_R
53863,KCab-c,KCab-c_R
53914,KCa'b'-m,KCa'b'-m_R
53957,KCa'b'-m,KCa'b'-m_R
53972,CB2357,CB2357_R
53994,KCg-m,KCg-m_R
54098,SMP590_b,SMP590_b_L
54124,CB1168,CB1168_R
54149,SMP160,SMP160_R
54192,KCa'b'-ap1,KCa'b'-ap1_R
54207,CB2693,CB2693_R
54284,CB1168,CB1168_R
54285,LHPD2a4_a,LHPD2a4_a_R
54332,CRE052,CRE052_R
54345,KCg-m,KCg-m_R
54661,KCab-s,KCab-s_R
54702,KCa'b'-ap1,KCa'b'-ap1_R
54757,SMP039,SMP039_R
54911,FC1F,FC1F_C7_L
54917,SMP447,SMP447_R
54957,KCa'b'-m,KCa'b'-m_R
54996,KCa'b'-ap2,KCa'b'-ap2_R
55083,KCa'b'-ap1,KCa'b'-ap1_R
55111,LHPD2a6,LHPD2a6_R
55141,KCa'b'-ap2,KCa'b'-ap2_R
55210,PAM08,PAM08(y4)_L
55216,KCa'b'-m,KCa'b'-m_R
55227,KCab-c,KCab-c_R
55319,LAL150,LAL150_R
55423,CRE018,CRE018_R
55431,SMP713m,SMP713m_R
55460,KCa'b'-ap2,KCa'b'-ap2_R
55461,CB3147,CB3147_R
55504,SIP024,SIP024_R
55508,FB6K,FB6K_R
55528,KCab-s,KCab-s_R
55543,SLP245,SLP245(SIP055)_R
55552,SMP210,SMP210_R
55656,LHPD2a4_a,LHPD2a4_a_R
55733,CB2116,CB2116_R
55755,KCab-c,KCab-c_R
55919,KCa'b'-ap1,KCa'b'-ap1_R
55946,KCab-p,KCab-p_R
55953,FB5V_c,FB5V_c_R
56000,KCa'b'-ap1,KCa'b'-ap1_R
56130,KCa'b'-ap2,KCa'b'-ap2_R
56236,CB2398,CB2398_R
56274,KCab-s,KCab-s_R
56327,FB6P,FB6P_R
56350,FB4O,FB4O_R
56460,SIP089,SIP089_R
56461,KCa'b'-ap2,KCa'b'-ap2_R
56537,CB1699,CB1699_R
56567,FB6X,FB6X_R
56629,CB1699,CB1699_R
56749,KCa'b'-m,KCa'b'-m_R
56936,KCa'b'-ap2,KCa'b'-ap2_R
56943,KCa'b'-ap2,KCa'b'-ap2_R
57015,KCa'b'-ap2,KCa'b'-ap2_R
57048,SMP419,SMP419_R
57091,CB3391,CB3391_R
57106,KCa'b'-ap2,KCa'b'-ap2_R
57171,KCg-m,KCg-m_R
57179,KCg-m,KCg-m_R
57219,KCab-s,KCab-s_R
57278,FB6U,FB6U_R
57314,KCg-m,KCg-m_R
57341,KCa'b'-m,KCa'b'-m_R
57355,KCg-m,KCg-m_R
57356,KCg-m,KCg-m_R
57403,KCa'b'-ap1,KCa'b'-ap1_R
57425,KCab-s,KCab-s_R
57498,KCg-d,KCg-d_R
57527,CB2194,CB2194_R
57532,KCg-m,KCg-m_R
57591,EPGt,EPGt(PB09)_L9
57669,KCg-m,KCg-m_R
57729,KCab-s,KCab-s_R
57786,SMP016_a,SMP016_a_R
57863,LHAD1i1,LHAD1i1_R
57865,KCab-p,KCab-p_R
57879,KCab-s,KCab-s_R
57935,FR1,FR1(FQ4)_C7_L
57977,KCa'b'-ap1,KCa'b'-ap1_R
58013,KCg-m,KCg-m_R
58014,KCg-m,KCg-m_R
58039,SIP020_c,SIP020_c_R
58053,LHPV5a2,LHPV5a2_R
58111,KCa'b'-ap1,KCa'b'-ap1_R
58130,KCa'b'-ap1,KCa'b'-ap1_R
58169,KCab-p,KCab-p_R
58172,CRE005,CRE005_R
58206,PVLP008_a1,PVLP008_a1_L
58295,KCab-p,KCab-p_R
58366,LHAV9a1_c,LHAV9a1_c_R
58401,MBON15,MBON15(a'1)_R
58501,KCg-d,KCg-d_R
58525,CB2687,CB2687_L
58550,CB2787,CB2787_R
58552,FB4Q_c,FB4Q_c_R
58570,KCa'b'-ap2,KCa'b'-ap2_R
58786,pC1_16b,pC1_16b_R
58805,KCa'b'-m,KCa'b'-m_R
58909,CRE089,CRE089_R
58950,KCg-m,KCg-m_R
58971,LHPV5a1,LHPV5a1_R
59033,CB1361,CB1361_R
59090,KCa'b'-ap2,KCa'b'-ap2_R
59226,CRE080_d,CRE080_d_R
59261,KCg-m,KCg-m_R
59320,KCa'b'-ap2,KCa'b'-ap2_R
59379,SIP076,SIP076_L
59401,CB3873,CB3873_R
59453,CRE068,CRE068_R
59485,FB5G_c,FB5G_c_R
59525,CRE003_b,CRE003_b_R
59694,SLP102,SLP102_R
59715,KCa'b'-ap2,KCa'b'-ap2_R
59765,KCa'b'-m,KCa'b'-m_R
59787,KCab-p,KCab-p_R
59813,FC1D,FC1D_C6_L
59818,KCab-s,KCab-s_R
59841,GNG595,GNG595_R
59872,CB2310,CB2310_R
59882,CRE067,CRE067_R
59901,KCa'b'-ap2,KCa'b'-ap2_R
59973,SLP242,SLP242_L
59978,KCg-m,KCg-m_R
59994,PFR_b,PFR_b(PB11b)_L4_C5
60098,KCa'b'-m,KCa'b'-m_R
60262,CRE043_a3,CRE043_a3_R
60314,KCa'b'-m,KCa'b'-m_R
60329,KCg-m,KCg-m_R
60344,KCg-d,KCg-d_R
60354,KCa'b'-ap1,KCa'b'-ap1_R
60421,CB2035,CB2035_R
60443,KCa'b'-ap2,KCa'b'-ap2_R
60468,,
60505,KCa'b'-m,KCa'b'-m_R
60624,CRE072,CRE072_L
60685,PLP042_c,PLP042_c_R
60689,TuBu10,TuBu10_SBU_R
60708,KCg-d,KCg-d_R
60729,KCa'b'-ap2,KCa'b'-ap2_R
60768,KCg-m,KCg-m_R
60890,KCab-s,KCab-s_R
60892,CB1679,CB1679_R
60930,PAM10,PAM10(B1)_L
60960,KCa'b'-ap2,KCa'b'-ap2_R
60983,KCa'b'-m,KCa'b'-m_R
60998,SLP102,SLP102_R
61033,KCa'b'-m,KCa'b'-m_R
61115,KCa'b'-ap2,KCa'b'-ap2_R
61167,LHPD2a4_a,LHPD2a4_a_R
61339,KCa'b'-ap2,KCa'b'-ap2_R
61360,PAM12,PAM12(y3)_L
61398,FR1,FR1(FQ4)_C8_L
61464,KCab-s,KCab-s_R
61475,KCa'b'-ap1,KCa'b'-ap1_R
61499,CB1841,CB1841_L
61555,KCa'b'-ap1,KCa'b'-ap1_R
61779,CRE069,CRE069_R
61806,KCab-s,KCab-s_R
61845,EL,EL_L
61878,CB2714,CB2714_R
61894,LHPV5a1,LHPV5a1_R
61936,KCa'b'-ap2,KCa'b'-ap2_R
61938,KCa'b'-m,KCa'b'-m_R
61947,KCab-p,KCab-p_R
61951,SIP076,SIP076_R
61962,KCg-m,KCg-m_R
61978,FC1D,FC1D_C7_L
61981,KCg-m,KCg-m_R
62029,SMP210,SMP210_R
62057,KCa'b'-m,KCa'b'-m_R
62062,KCg-m,KCg-m_R
62087,KCab-p,KCab-p_R
62159,KCg-m,KCg-m_R
62162,CRE055,CRE055_R
62262,FC1C_b,FC1C_C3_L
62457,KCab-p,KCab-p_R
62471,KCab-c,KCab-c_R
62517,KCab-m,KCab-m_R
62540,SMP370,SMP370_R
62577,TuBu10,TuBu10_SBU_R
62624,KCab-s,KCab-s_R
62643,KCg-m,KCg-m_R
62645,KCg-m,KCg-m_R
62731,PAM01,PAM01(y5)_R
62733,KCa'b'-ap2,KCa'b'-ap2_R
62840,KCab-s,KCab-s_R
62891,KCg-m,KCg-m_R
62905,KCa'b'-m,KCa'b'-m_R
62916,SMP019,SMP019_R
63025,PVLP008_c,PVLP008_c_R
63066,SIP076,SIP076_L
63156,KCab-s,KCab-s_R
63166,LHAD1b1_b,LHAD1b1_b_R
63169,SLP129_c,SLP129_c_R
63189,KCg-m,KCg-m_R
63370,KCa'b'-ap2,KCa'b'-ap2_R
63380,KCa'b'-ap2,KCa'b'-ap2_R
63391,PAM01,PAM01(y5)_R
63394,KCg-m,KCg-m_R
63395,FB5W_a,FB5W_a_R
63499,KCa'b'-m,KCa'b'-m_R
63506,KCg-m,KCg-m_R
63508,KCg-m,KCg-m_R
63536,CB1289,CB1289_R
63629,KCg-m,KCg-m_R
63671,PLP042_c,PLP042_c_R
63680,SMP021,SMP021_R
63794,KCab-p,KCab-p_R
63823,KCa'b'-m,KCa'b'-m_R
63998,FB3C,FB3C_R
64005,KCa'b'-ap1,KCa'b'-ap1_R
64093,CB1391,CB1391_R
64141,KCa'b'-m,KCa'b'-m_R
64163,CRE003_b,CRE003_b_R
64196,KCab-c,KCab-c_R
64253,KCab-s,KCab-s_R
64429,SMP021,SMP021_R
64620,SLP129_c,SLP129_c_R
64638,CB1149,CB1149_R
64645,KCa'b'-m,KCa'b'-m_R
64653,KCa'b'-ap2,KCa'b'-ap2_R
64782,KCa'b'-ap2,KCa'b'-ap2_R
64794,KCab-s,KCab-s_R
64839,SIP066,SIP066_R
64843,CB1220,CB1220_R
64876,CRE017,CRE017_R
64923,SIP089,SIP089_R
65001,SMP578,SMP578_R
65121,KCg-m,KCg-m_R
65193,CB3056,CB3056_R
65196,SMP209,SMP209_R
65205,KCab-s,KCab-s_R
65206,KCab-s,KCab-s_R
65207,SIP003_b,SIP003_b_L
65332,SMP578,SMP578_R
65379,KCg-m,KCg-m_R
65404,KCab-p,KCab-p_R
65420,KCab-c,KCab-c_R
65427,KCg-m,KCg-m_R
65446,KCa'b'-ap2,KCa'b'-ap2_R
65483,KCab-c,KCab-c_R
65500,KCa'b'-ap1,KCa'b'-ap1_R
65559,PAM07,PAM07(y4<y1y2)_R
65685,SIP033,SIP033_R
65712,KCab-s,KCab-s_R
65729,KCa'b'-ap2,KCa'b'-ap2_R
65768,KCa'b'-ap1,KCa'b'-ap1_R
65825,LHPD2a5_b,LHPD2a5_b_R
65854,KCa'b'-m,KCa'b'-m_R
65940,KCab-s,KCab-s_R
65949,LAL110,LAL110_R
65965,KCg-m,KCg-m_R
65977,KCab-s,KCab-s_R
66015,KCab-s,KCab-s_R
66017,CB2937,CB2937_R
66067,CRE094,CRE094_R
66073,KCab-c,KCab-c_R
66137,KCab-c,KCab-c_R
66171,KCa'b'-ap2,KCa'b'-ap2_R
66219,KCg-m,KCg-m_R
66265,CB1434,CB1434_R
66272,CB3391,CB3391_R
66387,KCab-s,KCab-s_R
66583,KCg-m,KCg-m_R
66601,KCg-m,KCg-m_R
66782,CB3056,CB3056_R
66837,SIP103m,SIP103m_R
66891,KCab-s,KCab-s_R
66934,PAM10,PAM10(B1)_L
66936,SIP100m,SIP100m_R
66977,FB5G_a,FB5G_a_R
67120,KCg-m,KCg-m_R
67254,CB1897,CB1897_R
67274,KCab-s,KCab-s_R
67285,SIP047,SIP047_R
67337,KCg-m,KCg-m_R
67344,KCab-c,KCab-c_R
67359,KCa'b'-m,KCa'b'-m_R
67392,SMP088,SMP088_R
67474,KCa'b'-ap1,KCa'b'-ap1_R
67535,KCab-s,KCab-s_R
67540,CB1062,CB1062_L
67543,KCa'b'-ap2,KCa'b'-ap2_R
67544,KCa'b'-ap1,KCa'b'-ap1_R
67581,KCab-c,KCab-c_R
67606,SLP404,SLP404_R
67654,KCab-s,KCab-s_R
67665,KCab-s,KCab-s_R
67671,KCa'b'-ap2,KCa'b'-ap2_R
67686,KCab-s,KCab-s_R
67696,KCab-s,KCab-s_R
67703,CRE003_b,CRE003_b_L
67717,FC1C_a,FC1C_a_C8_R
67721,KCg-m,KCg-m_R
67822,LHAV9a1_a,LHAV9a1_a_L
67864,CRE010,CRE010_R
67868,CB2876,CB2876_R
67919,KCab-s,KCab-s_R
67977,KCab-s,KCab-s_R
68010,KCab-c,KCab-c_R
68084,CB1148,CB1148_R
68098,KCab-c,KCab-c_R
68101,CB4208,CB4208_R
68137,KCg-m,KCg-m_R
68144,SIP015,SIP015_R
68176,KCg-m,KCg-m_R
68265,KCab-c,KCab-c_R
68287,KCab-s,KCab-s_R
68334,KCa'b'-ap2,KCa'b'-ap2_R
68352,LHPV5c1,LHPV5c1_R
68428,KCa'b'-ap1,KCa'b'-ap1_R
68495,KCab-s,KCab-s_R
68572,CB4209,CB4209_R
68585,KCab-s,KCab-s_R
68635,KCg-m,KCg-m_R
68648,CB1220,CB1220_R
68737,KCab-s,KCab-s_R
68776,SMP133,SMP133_L
68804,CB1148,CB1148_R
68941,KCa'b'-ap1,KCa'b'-ap1_R
69002,KCa'b'-ap2,KCa'b'-ap2_R
69022,KCab-s,KCab-s_R
69037,KCa'b'-ap2,KCa'b'-ap2_R
69042,KCg-m,KCg-m_R
69047,KCab-p,KCab-p_R
69064,PFR_a,PFR_a(PB11a)_R1_C1_irreg
69308,KCab-s,KCab-s_R
69337,KCab-p,KCab-p_R
69407,SIP103m,SIP103m_R
69438,SMP208,SMP208_R
69446,KCab-s,KCab-s_R
69472,KCab-s,KCab-s_R
69478,AOTU003,AOTU003_R
69499,TuBu09,TuBu09_SBU_R
69503,SMP360,SMP360_R
69507,KCab-s,KCab-s_R
69508,KCa'b'-m,KCa'b'-m_R
69513,KCab-s,KCab-s_R
69518,KCab-c,KCab-c_R
69584,KCab-c,KCab-c_R
69649,KCab-c,KCab-c_R
69650,KCg-m,KCg-m_R
69664,KCab-s,KCab-s_R
69684,FB5O,FB5O_R
69694,KCab-s,KCab-s_R
69716,KCg-m,KCg-m_R
69721,KCa'b'-ap2,KCa'b'-ap2_R
69762,LHAD1b5,LHAD1b5_R
69775,KCab-s,KCab-s_R
69780,LHAD1b5,LHAD1b5_R
69802,LAL063,LAL063_R
69839,,
69842,KCa'b'-ap1,KCa'b'-ap1_R
69858,CRE052,CRE052_R
69859,KCg-m,KCg-m_R
69904,SIP076,SIP076_R
69956,KCa'b'-ap1,KCa'b'-ap1_R
69973,KCab-c,KCab-c_R
69987,KCab-s,KCab-s_R
70022,KCg-m,KCg-m_R
70124,KCab-s,KCab-s_R
70175,KCa'b'-ap1,KCa'b'-ap1_R
70185,KCa'b'-ap2,KCa'b'-ap2_R
70193,KCa'b'-ap2,KCa'b'-ap2_R
70208,SMP128,SMP128_R
70279,FB5W_a,FB5W_a_R
70325,LAL030_b,LAL030_b_R
70336,KCab-c,KCab-c_R
70378,KCab-s,KCab-s_R
70380,KCab-c,KCab-c_R
70396,KCab-s,KCab-s_R
70445,KCg-m,KCg-m_R
70477,KCab-m,KCab-m_R
70489,KCg-m,KCg-m_R
70501,KCab-c,KCab-c_R
70509,KCg-m,KCg-m_R
70513,KCa'b'-ap2,KCa'b'-ap2_R
70643,LH006m,LH006m_L
70747,KCab-p,KCab-p_R
70797,SMP166,SMP166_R
70816,KCa'b'-ap2,KCa'b'-ap2_R
70869,SAxx01,SAxx01_R
70902,KCab-s,KCab-s_R
70909,KCab-m,KCab-m_R
70952,KCg-m,KCg-m_R
70993,KCab-c,KCab-c_R
71008,KCab-m,KCab-m_R
71028,KCg-m,KCg-m_R
71039,KCab-m,KCab-m_R
71053,KCa'b'-ap1,KCa'b'-ap1_R
71074,,
71081,FB5B,FB5B_R
71088,KCab-s,KCab-s_R
71120,KCab-s,KCab-s_R
71127,KCab-c,KCab-c_R
71189,KCab-c,KCab-c_R
71260,PS031,PS031_R
71278,LHAD3g1,LHAD3g1_R
71366,KCab-s,KCab-s_R
71494,KCab-s,KCab-s_R
71512,KCab-c,KCab-c_R
71534,CRE068,CRE068_R
71561,CB1316,CB1316_R
71581,SMP019,SMP019_R
71627,KCab-s,KCab-s_R
71676,KCab-s,KCab-s_R
71678,CRE055,CRE055_R
71684,SIP015,SIP015_R
71691,KCab-c,KCab-c_R
71756,LHAD1c2b,LHAD1c2b_R
71769,FB4R,FB4R_R
71800,KCa'b'-ap2,KCa'b'-ap2_R
71814,KCa'b'-ap2,KCa'b'-ap2_R
71840,KCa'b'-ap2,KCa'b'-ap2_R
71908,KCa'b'-m,KCa'b'-m_R
72141,KCg-m,KCg-m_R
72161,CB2559,CB2559_R
72166,KCab-m,KCab-m_R
72195,KCa'b'-ap1,KCa'b'-ap1_R
72234,KCab-s,KCab-s_R
72239,KCab-s,KCab-s_R
72274,CRE096,CRE096_R
72299,KCab-c,KCab-c_R
72344,KCa'b'-ap2,KCa'b'-ap2_R
72359,KCab-s,KCab-s_R
72362,KCa'b'-m,KCa'b'-m_R
72375,KCab-m,KCab-m_R
72387,KCg-m,KCg-m_R
72433,KCab-c,KCab-c_R
72438,KCab-p,KCab-p_R
72487,SMP150,SMP150_R
72495,KCab-s,KCab-s_R
72538,KCab-s,KCab-s_R
72597,SIP076,SIP076_L
72601,PAM06,PAM06(B'2m)_L
72643,KCg-m,KCg-m_R
72645,KCab-s,KCab-s_R
72674,CB1148,CB1148_R
72683,CB1220,CB1220_R
72693,KCa'b'-ap2,KCa'b'-ap2_R
72694,KCa'b'-m,KCa'b'-m_R
72695,KCg-m,KCg-m_R
72755,KCa'b'-ap2,KCa'b'-ap2_R
72865,KCa'b'-ap2,KCa'b'-ap2_R
72913,KCab-s,KCab-s_R
72939,KCg-m,KCg-m_R
72978,KCab-s,KCab-s_R
73006,KCab-s,KCab-s_R
73039,KCa'b'-ap2,KCa'b'-ap2_R
73082,SIP112m,SIP112m_R
73191,KCab-s,KCab-s_R
73195,KCg-m,KCg-m_R
73248,KCab-c,KCab-c_R
73296,KCg-m,KCg-m_R
73306,KCab-s,KCab-s_R
73442,KCab-m,KCab-m_R
73483,CB1148,CB1148_R
73487,KCab-m,KCab-m_R
73508,KCab-c,KCab-c_R
73570,KCab-c,KCab-c_R
73583,KCa'b'-m,KCa'b'-m_R
73588,KCab-s,KCab-s_R
73645,KCab-m,KCab-m_R
73721,KCab-s,KCab-s_R
73742,KCab-c,KCab-c_R
73750,KCg-m,KCg-m_R
73782,SIP070,SIP070_R
73814,KCg-m,KCg-m_R
73850,KCg-m,KCg-m_R
73883,SMP591,SMP591_R
73922,SLP241,SLP241_R
73958,SMP578,SMP578_R
74049,PLP042_a,PLP042_a_R
74103,KCab-m,KCab-m_R
74106,KCab-m,KCab-m_R
74113,CB1148,CB1148_R
74114,SLP396,SLP396_R
74135,KCab-s,KCab-s_R
74141,KCa'b'-m,KCa'b'-m_R
74239,KCa'b'-ap2,KCa'b'-ap2_R
74301,KCab-m,KCab-m_R
74307,KCa'b'-ap2,KCa'b'-ap2_R
74328,KCab-c,KCab-c_R
74380,KCa'b'-ap1,KCa'b'-ap1_R
74403,KCg-m,KCg-m_R
74421,KCab-c,KCab-c_R
74461,KCab-m,KCab-m_R
74499,,
74548,KCa'b'-ap1,KCa'b'-ap1_R
74553,KCab-m,KCab-m_R
74568,KCab-c,KCab-c_R
74623,KCa'b'-ap2,KCa'b'-ap2_R
74665,KCa'b'-ap2,KCa'b'-ap2_R
74668,KCa'b'-ap1,KCa'b'-ap1_R
74682,KCab-s,KCab-s_R
74683,KCa'b'-ap2,KCa'b'-ap2_R
74721,KCab-s,KCab-s_R
74740,KCab-s,KCab-s_R
74754,CB1679,CB1679_R
74803,KCab-s,KCab-s_R
74812,KCab-s,KCab-s_R
74851,KCab-m,KCab-m_R
74856,PAM01,PAM01(y5)_L
74869,KCab-s,KCab-s_R
74899,KCab-m,KCab-m_R
75029,KCg-m,KCg-m_R
75031,KCa'b'-ap1,KCa'b'-ap1_R
75045,KCg-m,KCg-m_R
75050,KCab-s,KCab-s_R
75066,KCab-c,KCab-c_R
75075,KCa'b'-ap2,KCa'b'-ap2_R
75106,KCab-c,KCab-c_R
75122,KCa'b'-ap2,KCa'b'-ap2_R
75125,FB8G,FB8G_R
75149,KCab-s,KCab-s_R
75151,SIP042_a,SIP042_a_R
75216,KCa'b'-m,KCa'b'-m_R
75260,KCa'b'-ap1,KCa'b'-ap1_R
75265,KCa'b'-ap1,KCa'b'-ap1_R
75300,KCab-s,KCab-s_R
75363,SMP347,SMP347_R
75384,KCab-s,KCab-s_R
75401,SIP047,SIP047_R
75507,KCab-c,KCab-c_R
75578,KCa'b'-ap2,KCa'b'-ap2_R
75614,FB5E,FB5E_R
75718,KCa'b'-ap1,KCa'b'-ap1_R
75774,KCg-m,KCg-m_R
75802,KCab-c,KCab-c_R
75874,TuBu09,TuBu09_SBU_R
75880,KCg-m,KCg-m_R
75882,KCab-s,KCab-s_R
75905,PVLP008_a1,PVLP008_a1_R
75997,KCab-s,KCab-s_R
76005,KCab-c,KCab-c_R
76057,TuBu07,TuBu07_SBU_R
76200,FB7E,FB7E_R
76219,CRE020,CRE020_R
76265,KCab-m,KCab-m_R
76271,KCab-s,KCab-s_R
76272,KCab-c,KCab-c_R
76354,KCa'b'-ap2,KCa'b'-ap2_R
76412,FB5K,FB5K_R
76429,KCa'b'-ap1,KCa'b'-ap1_R
76436,KCab-s,KCab-s_R
76443,KCg-m,KCg-m_R
76444,KCab-c,KCab-c_R
76486,LAL030_b,LAL030_b_R
76523,KCab-s,KCab-s_R
76531,KCab-c,KCab-c_R
76582,KCab-s,KCab-s_R
76585,MBON25-like,MBON25-like(y2)_R
76587,KCg-m,KCg-m_R
76593,KCab-s,KCab-s_R
76615,KCab-m,KCab-m_R
76635,LHAV9a1_b,LHAV9a1_b_L
76648,KCab-s,KCab-s_R
76660,KCab-s,KCab-s_R
76702,KCab-p,KCab-p_R
76750,KCab-s,KCab-s_R
76807,KCab-c,KCab-c_R
76811,KCab-s,KCab-s_R
76862,KCab-s,KCab-s_R
76867,KCa'b'-ap2,KCa'b'-ap2_R
76898,KCab-s,KCab-s_R
76899,CB3056,CB3056_R
76973,KCg-m,KCg-m_R
76984,KCab-p,KCab-p_R
77022,KCab-c,KCab-c_R
77054,KCg-m,KCg-m_R
77060,KCa'b'-ap2,KCa'b'-ap2_R
77126,KCg-m,KCg-m_R
77131,KCab-c,KCab-c_R
77158,KCg-m,KCg-m_R
77164,KCab-c,KCab-c_R
77199,KCa'b'-m,KCa'b'-m_R
77219,KCab-s,KCab-s_R
77281,KCg-m,KCg-m_R
77324,KCab-c,KCab-c_R
77382,KCab-m,KCab-m_R
77390,KCab-s,KCab-s_R
77397,SIP041,SIP041_R
77432,LAL030d,LAL030d_R
77433,KCab-s,KCab-s_R
77449,KCg-m,KCg-m_R
77479,KCg-m,KCg-m_R
77481,SMP112,SMP112_R
77513,LHAD1c3,LHAD1c3_R
77603,CB4124,CB4124_R
77637,KCg-m,KCg-m_R
77639,SLP103,SLP103_R
77679,KCa'b'-ap1,KCa'b'-ap1_R
77701,SMP377,SMP377_R
77709,PLP042_c,PLP042_c_R
77729,KCab-s,KCab-s_R
77735,KCab-c,KCab-c_R
77755,KCa'b'-ap1,KCa'b'-ap1_R
77760,KCab-s,KCab-s_R
77767,LHAD1b5,LHAD1b5_R
77790,KCab-c,KCab-c_R
77810,KCab-m,KCab-m_R
77956,LHAD1c2,LHAD1c2_R
78013,KCab-s,KCab-s_R
78060,KCab-s,KCab-s_R
78097,KCab-s,KCab-s_R
78147,KCa'b'-ap2,KCa'b'-ap2_R
78150,KCa'b'-m,KCa'b'-m_L
78155,KCab-c,KCab-c_R
78189,KCa'b'-m,KCa'b'-m_L
78203,KCab-s,KCab-s_R
78234,KCab-s,KCab-s_R
78294,FB5Z,FB5Z_R
78356,KCab-s,KCab-s_R
78359,KCa'b'-ap2,KCa'b'-ap2_R
78361,KCg-m,KCg-m_R
78378,CB1128,CB1128_R
78379,KCa'b'-ap2,KCa'b'-ap2_R
78480,KCa'b'-ap2,KCa'b'-ap2_R
78489,SLP330,SLP330_R
78494,KCab-c,KCab-c_R
78531,KCab-m,KCab-m_R
78544,KCab-s,KCab-s_R
78559,CB4197,CB4197_R
78589,KCab-s,KCab-s_R
78592,LHAD1d2,LHAD1d2_R
78673,LHPD2c2,LHPD2c2_R
78772,KCab-c,KCab-c_R
78803,KCab-s,KCab-s_R
78858,KCg-m,KCg-m_R
78909,KCab-c,KCab-c_R
78924,KCab-s,KCab-s_R
78928,KCab-s,KCab-s_R
78946,KCab-s,KCab-s_R
78959,KCab-m,KCab-m_R
78984,KCab-s,KCab-s_R
78989,SLP242,SLP242_R
78997,KCa'b'-m,KCa'b'-m_R
79032,SIP005,SIP005_R
79038,KCab-c,KCab-c_R
79092,KCab-c,KCab-c_R
79184,KCab-p,KCab-p_R
79199,KCa'b'-ap2,KCa'b'-ap2_R
79203,KCab-c,KCab-c_R
79362,KCg-s3,KCg-s3_R
79364,KCa'b'-ap1,KCa'b'-ap1_R
79372,KCg-m,KCg-m_R
79399,CB3399,CB3399_R
79476,KCa'b'-ap1,KCa'b'-ap1_R
79504,KCab-c,KCab-c_R
79508,KCab-s,KCab-s_R
79522,KCab-p,KCab-p_R
79536,KCab-s,KCab-s_R
79541,LHPV5a1,LHPV5a1_R
79562,KCab-c,KCab-c_R
79590,KCab-c,KCab-c_R
79669,SMP126,SMP126_L
79684,KCa'b'-m,KCa'b'-m_R
79735,KCab-c,KCab-c_R
79740,CB4183,CB4183_R
79777,KCab-c,KCab-c_R
79821,KCab-s,KCab-s_R
79846,KCa'b'-m,KCa'b'-m_R
79860,KCa'b'-m,KCa'b'-m_R
79877,KCab-c,KCab-c_R
79899,KCa'b'-ap2,KCa'b'-ap2_R
79920,KCab-c,KCab-c_R
79945,KCab-c,KCab-c_R
79948,FB7E,FB7E_R
79972,KCab-m,KCab-m_R
79979,LHPD5d1,LHPD5d1_R
80009,KCab-c,KCab-c_R
80013,KCab-s,KCab-s_R
80079,KCg-m,KCg-m_R
80082,KCab-s,KCab-s_R
80128,KCg-s4,KCg-s4_R
80131,KCab-s,KCab-s_R
80140,CB1361,CB1361_R
80155,KCab-s,KCab-s_R
80165,CRE056,CRE056_R
80168,KCab-c,KCab-c_R
80172,KCab-s,KCab-s_R
80201,KCab-s,KCab-s_R
80382,KCab-c,KCab-c_R
80415,FB4A_b,FB4A_b_R
80479,SMP447,SMP447_R
80539,KCab-s,KCab-s_R
80543,KCab-p,KCab-p_R
80562,KCab-s,KCab-s_R
80637,KCa'b'-ap2,KCa'b'-ap2_R
80733,KCab-c,KCab-c_R
80744,PAM01,PAM01(y5)_L
80832,KCa'b'-ap1,KCa'b'-ap1_R
80978,KCab-m,KCab-m_R
81004,KCg-m,KCg-m_R
81049,KCab-p,KCab-p_R
81053,KCab-m,KCab-m_R
81066,CB2784,CB2784_R
81095,KCa'b'-ap2,KCa'b'-ap2_R
81121,SMP196_a,SMP196_a_R
81141,KCab-s,KCab-s_R
81187,KCa'b'-m,KCa'b'-m_R
81197,KCab-m,KCab-m_R
81202,KCab-s,KCab-s_R
81203,KCab-p,KCab-p_R
81207,KCab-s,KCab-s_R
81233,KCg-m,KCg-m_R
81239,KCa'b'-m,KCa'b'-m_R
81273,KCa'b'-ap2,KCa'b'-ap2_R
81340,SMP476,SMP476_R
81348,KCa'b'-m,KCa'b'-m_R
81377,KCab-m,KCab-m_R
81427,KCg-m,KCg-m_R
81453,KCab-c,KCab-c_R
81557,SMP603,SMP603_R
81651,KCg-m,KCg-m_R
81657,KCab-m,KCab-m_R
81700,KCab-m,KCab-m_R
81760,SMP018,SMP018_R
81851,KCab-s,KCab-s_R
81885,KCab-p,KCab-p_R
81934,KCab-c,KCab-c_R
81979,KCa'b'-ap2,KCa'b'-ap2_R
82025,KCa'b'-m,KCa'b'-m_R
82059,SMP125,SMP125_L
82062,KCab-m,KCab-m_R
82068,KCab-s,KCab-s_R
82210,KCab-c,KCab-c_R
82225,KCa'b'-ap1,KCa'b'-ap1_R
82244,CB3121,CB3121_R
82296,KCa'b'-ap2,KCa'b'-ap2_R
82315,KCab-c,KCab-c_R
82320,CB2736,CB2736_R
82358,KCab-s,KCab-s_R
82472,KCab-c,KCab-c_R
82474,KCa'b'-m,KCa'b'-m_R
82534,SMP207,SMP207_R
82538,KCab-m,KCab-m_R
82570,KCa'b'-ap2,KCa'b'-ap2_R
82635,KCab-s,KCab-s_R
82644,SIP074_b,SIP074_b_R
82648,KCa'b'-m,KCa'b'-m_R
82652,KCab-m,KCab-m_R
82673,KCab-s,KCab-s_R
82711,AOTU102m,AOTU102m_R
82744,KCa'b'-m,KCa'b'-m_R
82789,KCab-s,KCab-s_R
82798,KCab-s,KCab-s_R
82810,SIP027,SIP027_R
82906,KCa'b'-m,KCa'b'-m_R
82911,KCab-c,KCab-c_R
83052,KCab-p,KCab-p_R
83094,KCab-m,KCab-m_R
83162,KCg-m,KCg-m_R
83168,KCab-s,KCab-s_R
83181,KCab-s,KCab-s_R
83219,SMP408_a,SMP408_a_R
83221,KCa'b'-ap2,KCa'b'-ap2_R
83277,PAM01,PAM01(y5)_L
83278,KCab-m,KCab-m_R
83329,KCab-m,KCab-m_R
83360,KCg-m,KCg-m_R
83392,KCab-m,KCab-m_R
83418,KCab-c,KCab-c_R
83508,SMP136,SMP136_R
83557,KCab-m,KCab-m_R
83563,KCab-c,KCab-c_R
83604,KCab-s,KCab-s_R
83608,KCg-m,KCg-m_R
83612,KCab-c,KCab-c_R
83624,KCab-s,KCab-s_R
83632,KCab-c,KCab-c_R
83654,CB2937,CB2937_R
83670,CB1171,CB1171_R
83684,KCab-s,KCab-s_R
83696,SMP016_b,SMP016_b_R
83715,KCa'b'-ap2,KCa'b'-ap2_R
83737,KCa'b'-ap2,KCa'b'-ap2_R
83743,KCab-s,KCab-s_R
83807,KCab-c,KCab-c_R
83833,KCg-m,KCg-m_R
83835,KCab-m,KCab-m_R
83852,PAM06,PAM06(B'2m)_R
83894,KCa'b'-m,KCa'b'-m_R
83921,KCg-m,KCg-m_R
83924,KCab-p,KCab-p_R
83955,SIP030,SIP030_R
83961,KCab-s,KCab-s_R
84011,KCg-d,KCg-d_R
84121,SMP122,SMP122_L
84137,KCa'b'-ap2,KCa'b'-ap2_R
84143,SIP003_a,SIP003_a_R
84157,CB4242,CB4242_R
84239,CB2693,CB2693_R
84278,KCab-s,KCab-s_R
84295,KCab-s,KCab-s_R
84334,KCab-s,KCab-s_R
84356,CB1062,CB1062_R
84479,CRE085,CRE085_R
84485,KCab-m,KCab-m_R
84498,KCa'b'-ap2,KCa'b'-ap2_R
84557,LHAD1c3,LHAD1c3_R
84604,CB2693,CB2693_R
84628,KCg-d,KCg-d_R
84635,SLP217,SLP217_L
84638,KCab-m,KCab-m_R
84641,KCab-s,KCab-s_R
84661,FB7I,FB7I_R
84747,CRE014,CRE014_R
84765,KCab-s,KCab-s_R
84777,KCab-s,KCab-s_R
84792,SMP374,SMP374_R
84811,KCab-s,KCab-s_R
84836,FB5V_b,FB5V_b_R
84895,SMP008,SMP008_R
84902,KCab-c,KCab-c_R
84929,KCab-m,KCab-m_R
84941,KCab-m,KCab-m_R
84974,KCab-m,KCab-m_R
84991,KCab-s,KCab-s_R
85012,KCab-c,KCab-c_R
85017,KCab-c,KCab-c_R
85032,SLP356,SLP356_R
85033,KCab-p,KCab-p_R
85054,KCab-m,KCab-m_R
85088,CRE034,CRE034_L
85104,SIP027,SIP027_L
85110,KCab-s,KCab-s_R
85242,KCa'b'-m,KCa'b'-m_R
85257,KCab-s,KCab-s_R
85321,KCab-s,KCab-s_R
85342,KCab-s,KCab-s_R
85377,KCab-m,KCab-m_R
85389,KCab-c,KCab-c_R
85391,KCab-s,KCab-s_R
85408,LHAV9a1_b,LHAV9a1_b_L
85442,KCab-m,KCab-m_R
85452,KCa'b'-ap2,KCa'b'-ap2_R
85521,CB3519,CB3519_R
85522,KCab-s,KCab-s_R
85531,KCab-s,KCab-s_R
85570,LAL031,LAL031_R
85590,KCab-m,KCab-m_R
85619,PS032,PS032_R
85636,SMP096,SMP096_L
85711,KCab-s,KCab-s_R
85752,KCab-m,KCab-m_R
85819,KCab-c,KCab-c_R
85851,KCg-d,KCg-d_R
85920,KCab-s,KCab-s_R
85986,KCab-s,KCab-s_R
86072,KCab-s,KCab-s_R
86079,KCab-s,KCab-s_R
86153,KCab-c,KCab-c_R
86156,PAM08,PAM08(y4)_R
86168,KCab-s,KCab-s_R
86180,KCab-m,KCab-m_R
86213,CB1289,CB1289_R
86231,KCab-c,KCab-c_R
86306,KCa'b'-ap1,KCa'b'-ap1_R
86368,SMP016_b,SMP016_b_R
86427,LHPV5g1_b,LHPV5g1_b_R
86432,KCab-s,KCab-s_R
86437,KCa'b'-m,KCa'b'-m_R
86452,PLP046,PLP046_R
86468,KCab-s,KCab-s_R
86528,KCab-m,KCab-m_R
86554,KCab-c,KCab-c_R
86639,KCab-s,KCab-s_R
86661,CRE018,CRE018_R
86670,KCab-m,KCab-m_R
86751,KCg-m,KCg-m_R
86758,KCab-s,KCab-s_R
86768,KCab-s,KCab-s_R
86811,KCab-s,KCab-s_R
86946,CB1699,CB1699_R
86970,KCa'b'-ap2,KCa'b'-ap2_R
87077,MBON25,MBON25(y1y2)_L
87155,KCg-m,KCg-m_R
87163,KCab-c,KCab-c_R
87219,KCa'b'-ap2,KCa'b'-ap2_R
87232,KCa'b'-ap2,KCa'b'-ap2_R
87254,KCab-s,KCab-s_R
87261,KCab-s,KCab-s_R
87324,KCab-p,KCab-p_R
87364,KCa'b'-m,KCa'b'-m_R
87420,AOTU008,AOTU008_R
87564,SMP207,SMP207_R
87576,KCab-s,KCab-s_R
87610,FC1C_a,FC1C_a_C9_L
87660,KCg-m,KCg-m_R
87667,KCa'b'-m,KCa'b'-m_L
87719,KCab-s,KCab-s_R
87720,AOTU004,AOTU004_R
87728,KCab-s,KCab-s_R
87758,KCab-s,KCab-s_R
87776,KCab-p,KCab-p_R
87784,KCab-s,KCab-s_R
87788,KCab-m,KCab-m_R
87837,SMP133,SMP133_L
87946,KCab-s,KCab-s_R
88023,KCab-m,KCab-m_R
88068,KCab-s,KCab-s_R
88109,KCa'b'-ap2,KCa'b'-ap2_R
88160,CB4197,CB4197_R
88192,KCab-c,KCab-c_R
88283,KCa'b'-m,KCa'b'-m_R
88290,KCg-m,KCg-m_R
88318,SMP112,SMP112_R
88322,CB1679,CB1679_R
88342,EPG,EPG(PB08)_L3
88344,CB2934,CB2934_L
88407,KCab-s,KCab-s_R
88588,KCab-m,KCab-m_R
88622,SIP042_b,SIP042_b_R
88653,KCab-s,KCab-s_R
88775,KCab-s,KCab-s_R
88822,KCa'b'-ap1,KCa'b'-ap1_R
88824,KCab-p,KCab-p_R
88830,SMP063,SMP063_R
88866,CRE030_b,CRE030_b_R
88899,KCab-p,KCab-p_R
88905,SMP086,SMP086_R
88938,KCab-s,KCab-s_R
89003,KCab-m,KCab-m_R
89097,TuBu09,TuBu09_SBU_R
89170,KCab-s,KCab-s_R
89191,FB4D_b,FB4D_b_R
89384,KCab-m,KCab-m_R
89419,KCa'b'-m,KCa'b'-m_L
89435,KCab-s,KCab-s_R
89461,KCa'b'-ap2,KCa'b'-ap2_R
89505,KCab-s,KCab-s_R
89529,LAL043_a,LAL043_a_R
89530,KCa'b'-ap2,KCa'b'-ap2_R
89542,LHPD2c6,LHPD2c6_R
89552,KCab-c,KCab-c_R
89574,KCab-s,KCab-s_R
89623,KCab-m,KCab-m_R
89658,KCab-s,KCab-s_R
89659,KCab-c,KCab-c_R
89718,KCab-s,KCab-s_R
89719,KCab-m,KCab-m_R
89761,KCg-m,KCg-m_R
89804,KCab-c,KCab-c_R
89834,KCab-m,KCab-m_R
89839,KCg-m,KCg-m_R
89841,KCg-m,KCg-m_R
89862,KCab-s,KCab-s_R
89937,FB5G_b,FB5G_b_R
89966,CB1062,CB1062_L
90098,KCab-s,KCab-s_R
90138,KCab-m,KCab-m_R
90181,KCab-s,KCab-s_R
90266,KCab-m,KCab-m_R
90291,KCa'b'-m,KCa'b'-m_R
90323,KCa'b'-ap1,KCa'b'-ap1_R
90352,KCab-s,KCab-s_R
90357,SMP347,SMP347_R
90403,KCab-s,KCab-s_R
90439,KCab-m,KCab-m_R
90459,KCab-c,KCab-c_R
90473,KCab-s,KCab-s_R
90568,CB1316,CB1316_R
90574,PFR_a,PFR_a(PB11a)_L3_C3
90650,KCab-s,KCab-s_R
90672,KCab-s,KCab-s_R
90805,KCab-s,KCab-s_R
90809,KCab-m,KCab-m_R
90812,KCab-s,KCab-s_R
90885,LAL020,LAL020_R
90902,PAM08,PAM08(y4)_R
90905,KCab-s,KCab-s_R
90928,KCab-s,KCab-s_R
90935,KCab-s,KCab-s_R
90944,KCab-s,KCab-s_R
91072,TuBu10,TuBu10_SBU_R
91271,TuBu10,TuBu10_SBU_R
91382,KCab-p,KCab-p_R
91386,KCa'b'-m,KCa'b'-m_R
91493,KCab-s,KCab-s_R
91497,KCa'b'-ap2,KCa'b'-ap2_R
91544,KCab-s,KCab-s_R
91595,KCab-s,KCab-s_R
91751,KCab-p,KCab-p_R
91797,KCab-m,KCab-m_R
91824,PS025,PS025_R
91960,KCab-p,KCab-p_R
92031,KCab-s,KCab-s_R
92040,KCab-s,KCab-s_R
92106,KCab-s,KCab-s_R
92112,MBON34,MBON34(y2)_R
92149,KCa'b'-ap2,KCa'b'-ap2_R
92190,KCa'b'-ap1,KCa'b'-ap1_R
92252,KCab-m,KCab-m_R
92270,CB1357,CB1357_R
92274,KCab-c,KCab-c_R
92294,KCa'b'-m,KCa'b'-m_R
92324,PAM06,PAM06(B'2m)_R
92335,KCab-s,KCab-s_R
92387,SMP213,SMP213_R
92430,KCab-c,KCab-c_R
92484,KCab-m,KCab-m_R
92494,KCab-s,KCab-s_R
92504,KCab-s,KCab-s_R
92532,KCab-m,KCab-m_R
92541,SMP710m,SMP710m_R
92563,KCab-m,KCab-m_R
92564,FB8E,FB8E_R
92574,KCab-m,KCab-m_R
92576,FB8G,FB8G_R
92628,KCab-s,KCab-s_R
92635,KCab-m,KCab-m_R
92662,KCa'b'-ap1,KCa'b'-ap1_R
92687,KCab-c,KCab-c_R
92716,KCab-s,KCab-s_R
92734,FB5G_a,FB5G_a_R
92794,KCab-c,KCab-c_R
92809,KCab-m,KCab-m_R
92836,SIP003_b,SIP003_b_R
92871,SIP018,SIP018_R
92877,KCab-s,KCab-s_R
92907,CRE043_c1,CRE043_c1_R
92952,KCab-m,KCab-m_R
92960,KCab-s,KCab-s_R
92985,KCab-m,KCab-m_R
93060,CB1902,CB1902_R
93108,KCab-p,KCab-p_R
93113,KCab-m,KCab-m_R
93128,KCab-m,KCab-m_R
93150,KCab-c,KCab-c_R
93263,KCa'b'-ap1,KCa'b'-ap1_R
93288,KCab-s,KCab-s_R
93301,KCab-m,KCab-m_R
93314,KCab-c,KCab-c_R
93325,KCab-m,KCab-m_R
93326,KCab-s,KCab-s_R
93380,KCa'b'-ap2,KCa'b'-ap2_R
93464,KCab-s,KCab-s_R
93555,SMP006,SMP006_R
93582,KCa'b'-m,KCa'b'-m_R
93593,KCab-m,KCab-m_R
93704,PAM01,PAM01(y5)_L
93772,KCg-m,KCg-m_R
93797,KCab-c,KCab-c_R
93837,KCab-s,KCab-s_R
93889,KCab-m,KCab-m_R
93893,KCab-s,KCab-s_R
93976,KCab-p,KCab-p_R
94018,KCab-m,KCab-m_R
94050,KCab-m,KCab-m_R
94101,KCab-s,KCab-s_R
94170,LHPD2a6,LHPD2a6_R
94240,KCab-p,KCab-p_R
94250,PAM05,PAM05(B'2p)_L
94336,KCab-s,KCab-s_R
94433,FR1,FR1(FQ4)_C1_L
94489,KCab-c,KCab-c_R
94490,KCab-s,KCab-s_R
94491,KCab-m,KCab-m_R
94509,KCab-c,KCab-c_R
94518,KCab-m,KCab-m_R
94622,KCab-c,KCab-c_R
94694,CB1902,CB1902_L
94721,KCab-m,KCab-m_R
94754,KCab-s,KCab-s_R
94785,KCab-c,KCab-c_R
94790,KCab-s,KCab-s_R
94802,KCa'b'-m,KCa'b'-m_R
94839,KCab-c,KCab-c_R
94922,PAM05,PAM05(B'2p)_L
94974,KCg-m,KCg-m_R
95025,FB4E_b,FB4E_b_R
95084,,
95213,KCg-m,KCg-m_R
95331,CB1287,CB1287_R
95358,KCa'b'-ap1,KCa'b'-ap1_R
95367,KCab-m,KCab-m_R
95397,KCab-m,KCab-m_R
95523,PAM08,PAM08(y4)_L
95548,KCab-c,KCab-c_R
95581,KCab-c,KCab-c_R
95585,KCab-s,KCab-s_R
95590,KCab-s,KCab-s_R
95591,KCab-p,KCab-p_R
95645,SMP021,SMP021_R
95653,KCab-c,KCab-c_R
95699,KCab-s,KCab-s_R
95707,KCab-s,KCab-s_R
95783,KCab-m,KCab-m_R
95877,CB1896,CB1896_R
95947,SIP076,SIP076_R
96065,KCa'b'-m,KCa'b'-m_R
96131,KCab-s,KCab-s_R
96161,TuBu07,TuBu07_SBU_R
96191,KCab-m,KCab-m_R
96273,KCab-c,KCab-c_R
96274,KCab-c,KCab-c_R
96304,KCg-d,KCg-d_R
96324,KCg-m,KCg-m_R
96383,KCab-s,KCab-s_R
96497,PAM07,PAM07(y4<y1y2)_R
96571,PAM12,PAM12(y3)_L
96711,KCab-s,KCab-s_R
96781,KCab-m,KCab-m_R
96850,KCab-c,KCab-c_R
96902,KCab-s,KCab-s_R
96961,KCa'b'-ap2,KCa'b'-ap2_R
96963,KCab-s,KCab-s_R
96977,KCab-s,KCab-s_R
97000,CB3874,CB3874_L
97182,,
97258,KCab-m,KCab-m_R
97305,KCg-m,KCg-m_R
97373,KCab-s,KCab-s_R
97410,KCab-m,KCab-m_R
97510,CB1287,CB1287_L
97522,KCab-m,KCab-m_R
97573,KCab-m,KCab-m_R
97601,KCab-s,KCab-s_R
97665,M_lvPNm33,M_lvPNm33_R
97689,KCab-m,KCab-m_R
97719,KCab-s,KCab-s_R
97738,KCab-s,KCab-s_R
97823,KCab-m,KCab-m_R
97841,CRE067,CRE067_L
97990,PAM06,PAM06(B'2m)_L
98120,KCab-c,KCab-c_R
98265,PAM06,PAM06(B'2m)_L
98359,KCab-s,KCab-s_R
98490,KCab-s,KCab-s_R
98509,KCab-m,KCab-m_R
98614,KCab-m,KCab-m_R
98896,SIP037,SIP037_R
98924,KCab-s,KCab-s_R
98969,KCab-s,KCab-s_R
98979,KCab-s,KCab-s_R
99089,PAM01,PAM01(y5)_L
99108,KCab-s,KCab-s_R
99140,KCa'b'-m,KCa'b'-m_R
99154,KCab-m,KCab-m_R
99324,KCab-c,KCab-c_R
99329,CRE044,CRE044_R
99553,CB1033,CB1033_R
99583,KCa'b'-ap2,KCa'b'-ap2_R
99659,KCab-s,KCab-s_R
99706,CRE016,CRE016_R
99785,KCab-c,KCab-c_R
99796,KCa'b'-m,KCa'b'-m_R
99819,KCab-m,KCab-m_R
99958,KCab-c,KCab-c_R
100076,KCab-c,KCab-c_R
100167,SMP347,SMP347_R
100204,KCab-s,KCab-s_R
100217,FB3C,FB3C_R
100258,PAM01,PAM01(y5)_R
100335,KCab-m,KCab-m_R
100420,CRE051,CRE051_R
100423,KCa'b'-m,KCa'b'-m_R
100453,SMP118,SMP118_L
100497,KCab-s,KCab-s_R
100537,KCab-m,KCab-m_R
100544,KCab-s,KCab-s_R
100638,SIP045,SIP045_R
100672,KCab-c,KCab-c_R
100676,SMP102,SMP102_R
100795,KCab-s,KCab-s_R
100815,KCab-s,KCab-s_R
100823,KCab-m,KCab-m_R
100914,KCab-c,KCab-c_R
100950,KCab-s,KCab-s_R
101052,FB4E_b,FB4E_b_R
101257,KCab-m,KCab-m_R
101320,KCab-m,KCab-m_R
101490,KCab-s,KCab-s_R
101593,SIP042_a,SIP042_a_R
101652,LAL035,LAL035_R
101683,SMP194,SMP194_R
101691,KCab-s,KCab-s_R
101802,KCab-s,KCab-s_R
101816,KCab-m,KCab-m_R
101969,CB1033,CB1033_R
102042,KCab-s,KCab-s_R
102084,KCab-m,KCab-m_R
102210,KCab-s,KCab-s_R
102310,KCab-s,KCab-s_R
102357,KCab-c,KCab-c_R
102457,KCab-s,KCab-s_R
102468,KCab-m,KCab-m_R
102587,KCab-s,KCab-s_R
102671,KCab-c,KCab-c_R
102677,SMP352,SMP352_R
102748,KCab-s,KCab-s_R
102878,FB8I,FB8I_R
102923,KCab-m,KCab-m_R
102936,PAM08,PAM08(y4)_R
102990,KCab-m,KCab-m_R
102997,KCab-s,KCab-s_R
103011,KCab-c,KCab-c_R
103112,SMP258,SMP258_R
103221,CRE094,CRE094_R
103255,PAM08,PAM08(y4)_R
103274,KCab-m,KCab-m_R
103278,KCab-p,KCab-p_R
103379,CB1434,CB1434_R
103401,KCab-s,KCab-s_R
103419,KCab-m,KCab-m_R
103433,PAM14,PAM14(B'1m)_R
103640,KCab-p,KCab-p_R
103663,KCg-d,KCg-d_R
103704,KCab-s,KCab-s_R
103832,KCab-p,KCab-p_R
103945,KCab-s,KCab-s_R
103997,LAL024,LAL024_R
103999,,
104082,KCab-m,KCab-m_R
104086,KCab-s,KCab-s_R
104087,SMP461,SMP461_L
104117,KCab-m,KCab-m_R
104149,KCab-s,KCab-s_R
104166,KCg-m,KCg-m_R
104232,KCab-m,KCab-m_R
104240,KCab-c,KCab-c_R
104270,CB1357,CB1357_R
104293,KCab-c,KCab-c_R
104393,KCab-s,KCab-s_R
104460,PAM12,PAM12(y3)_L
104490,KCab-m,KCab-m_R
104526,KCg-m,KCg-m_R
104633,CRE085,CRE085_R
104713,PAM08,PAM08(y4)_R
104723,KCab-s,KCab-s_R
104745,KCab-s,KCab-s_R
104755,KCa'b'-ap1,KCa'b'-ap1_R
104762,SLP217,SLP217_R
104846,KCab-s,KCab-s_R
104887,KCab-m,KCab-m_R
104940,KCab-c,KCab-c_R
104980,KCab-m,KCab-m_R
104985,FB6N,FB6N_R
105134,KCab-s,KCab-s_R
105173,SIP030,SIP030_R
105264,KCab-s,KCab-s_R
105330,KCab-s,KCab-s_R
105345,KCab-c,KCab-c_R
105349,KCab-s,KCab-s_R
105362,PAM05,PAM05(B'2p)_R
105365,PAM08,PAM08(y4)_R
105427,CB1956,CB1956_R
105436,FB5V_a,FB5V_a_R
105556,CRE003_b,CRE003_b_R
105676,KCab-s,KCab-s_R
105684,KCab-p,KCab-p_R
105807,KCab-s,KCab-s_R
106034,KCab-m,KCab-m_R
106124,KCab-m,KCab-m_R
106236,KCa'b'-ap2,KCa'b'-ap2_R
106382,ATL009,ATL009_R
106434,CB2719,CB2719_R
106446,KCab-m,KCab-m_R
106654,CB1148,CB1148_R
106711,KCa'b'-ap2,KCa'b'-ap2_R
106828,KCab-m,KCab-m_R
106846,KCab-c,KCab-c_R
106882,KCab-m,KCab-m_R
106893,KCab-s,KCab-s_R
106931,KCa'b'-ap2,KCa'b'-ap2_R
106981,KCab-s,KCab-s_R
107027,KCab-m,KCab-m_R
107041,KCab-s,KCab-s_R
107197,KCg-m,KCg-m_R
107200,TuBu09,TuBu09_SBU_R
107336,KCab-m,KCab-m_R
107449,ORN_DA1,ORN_DA1_R
107453,KCab-s,KCab-s_R
107471,SIP112m,SIP112m_R
107531,SLP151,SLP151_R
107653,KCab-s,KCab-s_R
107657,KCab-s,KCab-s_R
107730,SLP281,SLP281_R
107761,KCab-m,KCab-m_R
107780,KCab-m,KCab-m_R
107840,KCab-m,KCab-m_R
107986,PAM02,PAM02(B'2a)_L
108002,KCg-m,KCg-m_R
108124,KCab-m,KCab-m_R
108126,KCab-m,KCab-m_R
108399,WED002,WED002_R
108406,KCa'b'-m,KCa'b'-m_R
108429,PAM04,PAM04(B2)_L
108481,KCab-c,KCab-c_R
108526,LHPV5g2,LHPV5g2_R
108576,PAM13,PAM13(B'1ap)_R
108602,KCab-m,KCab-m_R
108622,KCab-m,KCab-m_R
108777,SIP147m,SIP147m_R
108833,KCg-m,KCg-m_R
108992,CB2479,CB2479_R
109056,KCab-m,KCab-m_R
109332,KCab-m,KCab-m_R
109565,CB3339,CB3339_R
109624,PAM08,PAM08(y4)_L
109693,LHPD2c2,LHPD2c2_R
109755,KCab-s,KCab-s_R
109793,PAM04,PAM04(B2)_L
109862,KCab-s,KCab-s_R
109871,KCab-m,KCab-m_R
109873,KCg-m,KCg-m_R
109887,SMP018,SMP018_R
109910,KCab-m,KCab-m_R
109931,CB2981,CB2981_R
109988,KCab-s,KCab-s_R
110009,KCab-m,KCab-m_R
110011,CL042,CL042_R
110079,KCab-m,KCab-m_R
110269,KCab-p,KCab-p_R
110291,CRE094,CRE094_L
110338,KCab-c,KCab-c_R
110361,SMP448,SMP448_R
110380,KCab-s,KCab-s_R
110388,TuBu07,TuBu07_SBU_R
110448,MBON25-like,MBON25-like(y1y2)_L
110599,KCab-s,KCab-s_R
110624,LHPD2c2,LHPD2c2_R
110653,PAM05,PAM05(B'2p)_R
110674,KCab-s,KCab-s_R
110815,KCab-m,KCab-m_R
110897,KCab-s,KCab-s_R
110924,CB2550,CB2550_R
111060,KCab-s,KCab-s_R
111102,SLP164,SLP164_R
111147,SMP347,SMP347_R
111165,KCg-m,KCg-m_R
111169,CRE086,CRE086_R
111185,KCa'b'-ap1,KCa'b'-ap1_R
111360,KCab-m,KCab-m_R
111665,PAM12,PAM12(y3)_R
111812,KCab-c,KCab-c_R
111985,KCab-c,KCab-c_R
112023,KCab-c,KCab-c_R
112471,SIP028,SIP028_L
112538,AOTU021,AOTU021_R
112870,CB1020,CB1020_R
112896,KCab-m,KCab-m_R
113001,PAM12,PAM12(y3)_R
113055,KCab-m,KCab-m_R
113057,KCab-s,KCab-s_R
113090,KCab-c,KCab-c_R
113280,KCab-c,KCab-c_R
113394,KCab-s,KCab-s_R
113513,,
113606,KCab-s,KCab-s_R
113611,KCab-s,KCab-s_R
113661,KCab-m,KCab-m_R
113818,SMP209,SMP209_R
113835,KCab-m,KCab-m_R
113840,FB4A_a,FB4A_a_R
113903,KCab-m,KCab-m_R
114066,CRE052,CRE052_R
114089,KCab-s,KCab-s_R
114103,KCab-m,KCab-m_R
114209,KCab-m,KCab-m_R
114213,FB4A_a,FB4A_a_R
114316,KCab-s,KCab-s_R
114354,KCa'b'-ap2,KCa'b'-ap2_L
114370,KCa'b'-ap1,KCa'b'-ap1_R
114402,CB3093,CB3093_R
114522,PAM07,PAM07(y4<y1y2)_R
114541,CB3339,CB3339_R
114594,KCg-m,KCg-m_R
114661,PAM11,PAM11(a1)_R
114700,PAM01,PAM01(y5)_R
114715,CRE004,CRE004_R
115005,SIP015,SIP015_R
115071,KCab-c,KCab-c_R
115267,KCab-s,KCab-s_R
115345,CB2934,CB2934_R
115485,KCab-s,KCab-s_R
115501,KCab-c,KCab-c_R
115546,FB4E_a,FB4E_a_R
115598,SIP122m,SIP122m_R
115617,PAM04,PAM04(B2)_L
115868,PAM14,PAM14(B'1m)_R
115974,PS038,PS038_R
116134,CRE054,CRE054_R
116185,FB8F_a,FB8F_a_R
116200,FB5P,FB5P_R
116454,SIP028,SIP028_L
116467,KCab-m,KCab-m_R
116897,CB1171,CB1171_R
116958,CB2584,CB2584_R
117040,FB8F_a,FB8F_a_R
117041,KCab-m,KCab-m_R
117050,CB4110,CB4110_R
117192,KCab-p,KCab-p_R
117211,SLP395,SLP395_R
117228,KCab-m,KCab-m_R
117238,CRE086,CRE086_R
117243,KCab-s,KCab-s_R
117342,KCab-s,KCab-s_R
117370,KCab-s,KCab-s_R
117375,KCab-c,KCab-c_R
117495,KCab-c,KCab-c_R
117660,KCab-m,KCab-m_R
117777,KCab-s,KCab-s_R
117883,KCab-s,KCab-s_R
117886,KCab-c,KCab-c_R
118021,KCab-m,KCab-m_R
118041,KCab-c,KCab-c_R
118204,KCab-c,KCab-c_R
118234,SIP003_b,SIP003_b_L
118341,KCab-p,KCab-p_R
118351,KCab-s,KCab-s_R
118489,CB2934,CB2934_L
118504,KCab-s,KCab-s_R
118532,KCab-c,KCab-c_R
118569,KCab-p,KCab-p_R
118595,KCab-c,KCab-c_R
118629,KCg-m,KCg-m_R
118636,KCa'b'-m,KCa'b'-m_R
118643,CB2035,CB2035_R
118761,CB1168,CB1168_R
118769,KCg-m,KCg-m_R
119091,SMP509,SMP509_R
119160,KCab-c,KCab-c_R
119171,SMP347,SMP347_R
119278,KCg-m,KCg-m_R
119468,KCab-m,KCab-m_R
119499,PAM08,PAM08(y4)_L
119763,PAM11,PAM11(a1)_L
119852,KCab-s,KCab-s_R
119860,FB5V_c,FB5V_c_R
120094,KCab-m,KCab-m_R
120259,PAM04,PAM04(B2)_R
120567,KCab-s,KCab-s_R
120689,KCab-m,KCab-m_R
120699,KCab-m,KCab-m_R
120726,KCab-m,KCab-m_R
120768,PAM07,PAM07(y4<y1y2)_R
120781,KCab-c,KCab-c_R
120914,KCab-s,KCab-s_R
121138,KCab-m,KCab-m_R
121150,KCab-m,KCab-m_R
121241,KCab-m,KCab-m_R
121413,LHAV9a1_c,LHAV9a1_c_L
121510,CRE068,CRE068_L
121769,KCab-s,KCab-s_R
121966,KCab-c,KCab-c_R
122000,KCab-s,KCab-s_R
122062,PAM08,PAM08(y4)_R
122089,KCab-s,KCab-s_R
122110,KCab-p,KCab-p_R
122137,KCab-m,KCab-m_R
122249,KCab-s,KCab-s_R
122354,KCg-m,KCg-m_R
122573,KCab-c,KCab-c_R
122631,KCab-s,KCab-s_R
122666,SMP208,SMP208_R
123035,KCab-m,KCab-m_R
123169,KCab-c,KCab-c_R
123199,FB6S,FB6S_R
123322,CRE055,CRE055_R
123401,KCab-m,KCab-m_R
123421,KCg-m,KCg-m_R
123503,WED002,WED002_R
123544,KCab-s,KCab-s_R
123570,CRE099,CRE099_R
123605,KCa'b'-ap1,KCa'b'-ap1_R
123618,LHAV9a1_a,LHAV9a1_a_R
123648,KCab-m,KCab-m_R
123749,KCab-c,KCab-c_R
123897,CRE037,CRE037_L
124207,SMP215,SMP215_R
124211,KCab-m,KCab-m_R
124376,KCab-p,KCab-p_R
124495,SIP081,SIP081_R
124605,KCab-m,KCab-m_R
124685,KCab-m,KCab-m_R
124918,PAM04,PAM04(B2)_L
124937,KCa'b'-ap1,KCa'b'-ap1_R
125080,PAM04,PAM04(B2)_L
125081,KCab-m,KCab-m_R
125114,FB6S,FB6S_R
125249,CRE020,CRE020_R
125255,CB1895,CB1895_R
125479,LHAD3g1,LHAD3g1_R
125550,PS023,PS023_R
125868,CB4110,CB4110_R
125908,KCa'b'-ap1,KCa'b'-ap1_R
125945,CB1168,CB1168_R
126084,KCab-m,KCab-m_R
126424,CB3043,CB3043_R
126446,KCab-m,KCab-m_R
126501,PAM06,PAM06(B'2m)_L
126602,KCg-m,KCg-m_R
126673,KCa'b'-ap2,KCa'b'-ap2_R
126945,KCab-c,KCab-c_R
127019,CB1124,CB1124_R
127060,CB3208,CB3208_R
127366,KCa'b'-ap2,KCa'b'-ap2_R
127432,LAL043_b,LAL043_b_R
127519,LHAV9a1_c,LHAV9a1_c_L
127659,PAM02,PAM02(B'2a)_L
127739,KCa'b'-m,KCa'b'-m_R
128076,PAM04,PAM04(B2)_R
128085,KCa'b'-ap1,KCa'b'-ap1_R
128858,KCa'b'-ap2,KCa'b'-ap2_R
128925,KCg-d,KCg-d_R
129027,KCab-s,KCab-s_R
129032,,
129095,SLP240_b,SLP240_b_R
129287,KCg-m,KCg-m_R
129292,KCab-c,KCab-c_R
129321,KCg-m,KCg-m_R
129330,KCab-s,KCab-s_R
129563,PAM01,PAM01(y5)_R
129596,CB1895,CB1895_R
129892,KCab-m,KCab-m_R
130202,SMP166,SMP166_R
130392,KCab-s,KCab-s_R
130522,CB1357,CB1357_R
130595,PS038,PS038_R
130796,KCab-m,KCab-m_R
130806,KCg-m,KCg-m_R
130875,KCa'b'-ap2,KCa'b'-ap2_R
131008,KCab-m,KCab-m_R
131101,KCab-c,KCab-c_R
131419,PAM06,PAM06(B'2m)_R
131461,KCab-m,KCab-m_R
131662,KCa'b'-ap2,KCa'b'-ap2_R
131910,LHPD2a6,LHPD2a6_R
131946,KCg-m,KCg-m_R
131964,KCab-s,KCab-s_R
132048,KCab-c,KCab-c_R
132230,KCg-m,KCg-m_R
132279,CB3874,CB3874_R
132513,PAM06,PAM06(B'2m)_R
132649,KCab-p,KCab-p_R
132786,CRE090,CRE090_R
132791,KCab-s,KCab-s_R
132804,KCa'b'-ap1,KCa'b'-ap1_R
132887,KCab-s,KCab-s_R
133019,PAM08,PAM08(y4)_R
133100,KCab-c,KCab-c_R
133192,LHAV9a1_b,LHAV9a1_b_R
133214,KCg-m,KCg-m_R
133250,KCab-s,KCab-s_R
133334,KCa'b'-ap2,KCa'b'-ap2_R
133338,CB2876,CB2876_R
133427,MBON10,MBON10(B'1)_R
133510,SIP027,SIP027_R
133642,KCg-m,KCg-m_R
133727,KCab-c,KCab-c_R
133821,SMP008,SMP008_R
133827,CB2876,CB2876_R
133977,CB1357,CB1357_R
134216,KCg-m,KCg-m_R
134265,PAM06,PAM06(B'2m)_R
134267,SLP102,SLP102_R
134304,TuBu07,TuBu07_SBU_R
134357,KCab-c,KCab-c_R
134371,SMP352,SMP352_R
134660,KCg-m,KCg-m_R
134769,PAM06,PAM06(B'2m)_R
134859,KCa'b'-m,KCa'b'-m_L
134869,PAM06,PAM06(B'2m)_L
134883,KCg-m,KCg-m_R
134891,KCab-c,KCab-c_R
135046,PAM02,PAM02(B'2a)_L
135092,KCa'b'-m,KCa'b'-m_R
135171,PAM12,PAM12(y3)_R
135247,KCab-s,KCab-s_R
135265,KCab-m,KCab-m_R
135287,PAM05,PAM05(B'2p)_L
135290,PAM15,PAM15(y5B'2a)_R
135362,KCg-m,KCg-m_R
135421,KCg-d,KCg-d_R
135614,KCab-s,KCab-s_R
135866,KCab-c,KCab-c_R
135993,KCab-m,KCab-m_R
136024,PAM06,PAM06(B'2m)_L
136044,KCab-m,KCab-m_R
136144,PAM08,PAM08(y4)_R
136208,KCg-m,KCg-m_R
136215,PAM06,PAM06(B'2m)_L
136310,KCg-m,KCg-m_R
136416,SIP028,SIP028_R
136452,SMP377,SMP377_R
136475,CRE055,CRE055_R
136667,FB8G,FB8G_R
136825,KCab-m,KCab-m_R
136873,KCab-c,KCab-c_R
136957,CRE081,CRE081_R
137029,KCab-m,KCab-m_R
137235,KCab-s,KCab-s_R
137321,PAM04,PAM04(B2)_L
137334,CRE037,CRE037_L
137373,PAM06,PAM06(B'2m)_L
137400,CB4110,CB4110_R
137495,SIP042_a,SIP042_a_R
137539,PAM11,PAM11(a1)_R
137541,KCa'b'-ap2,KCa'b'-ap2_R
137543,SMP009,SMP009_R
137595,PAM07,PAM07(y4<y1y2)_R
137936,FB6S,FB6S_R
138025,SMP247,SMP247_R
138056,SMP448,SMP448_R
138146,SMP213,SMP213_R
138352,KCg-m,KCg-m_R
138408,KCg-m,KCg-m_R
138573,KCg-m,KCg-m_R
138585,PAM12,PAM12(y3)_L
138610,,
138822,PAM11,PAM11(a1)_L
138823,SMP214,SMP214_R
138826,KCab-s,KCab-s_R
138929,KCab-c,KCab-c_R
139008,KCg-m,KCg-m_R
139252,KCab-s,KCab-s_R
139280,PAM12,PAM12(y3)_R
139378,PAM12,PAM12(y3)_R
139389,KCa'b'-m,KCa'b'-m_R
139645,SIP028,SIP028_R
139706,PAM11,PAM11(a1)_R
139742,KCg-m,KCg-m_R
139771,CB1956,CB1956_R
139788,CB2245,CB2245_R
139961,LAL032,LAL032_R
140099,SIP028,SIP028_R
140271,PAM06,PAM06(B'2m)_R
140589,KCg-m,KCg-m_R
140636,KCg-m,KCg-m_R
140656,SMP139,SMP139_L
140834,KCab-s,KCab-s_R
141016,CRE072,CRE072_R
141246,PAM02,PAM02(B'2a)_L
141289,KCab-c,KCab-c_R
141510,PAM15,PAM15(y5B'2a)_R
141615,PAM01,PAM01(y5)_R
141950,KCab-c,KCab-c_R
142238,PAM02,PAM02(B'2a)_R
142528,PAM09,PAM09(B1ped)_R
142538,PAM08,PAM08(y4)_R
142608,KCa'b'-m,KCa'b'-m_R
142660,PAM13,PAM13(B'1ap)_R
142795,KCab-m,KCab-m_R
142848,KCa'b'-m,KCa'b'-m_L
142898,PAM06,PAM06(B'2m)_R
142975,KCab-c,KCab-c_R
143120,PAM10,PAM10(B1)_L
143569,KCg-m,KCg-m_R
144034,CRE037,CRE037_L
144118,KCg-m,KCg-m_R
144126,PAM02,PAM02(B'2a)_R
144206,SMP174,SMP174_R
144308,KCab-s,KCab-s_R
144340,KCa'b'-m,KCa'b'-m_R
144464,KCg-m,KCg-m_R
144515,KCab-s,KCab-s_R
144523,KCa'b'-ap2,KCa'b'-ap2_R
144678,PAM04,PAM04(B2)_R
144984,SIP028,SIP028_R
145022,PAM02,PAM02(B'2a)_L
145109,CB1841,CB1841_R
145148,PAM01,PAM01(y5)_L
145157,KCg-m,KCg-m_R
145174,KCab-s,KCab-s_R
145324,PAM02,PAM02(B'2a)_L
145352,KCg-m,KCg-m_R
145371,PAM05,PAM05(B'2p)_L
145419,KCab-s,KCab-s_R
145497,KCab-c,KCab-c_R
145749,PAM11,PAM11(a1)_L
145791,KCab-c,KCab-c_R
145859,KCa'b'-ap2,KCa'b'-ap2_R
145898,SMP247,SMP247_R
146058,PAM08,PAM08(y4)_R
146099,KCa'b'-ap2,KCa'b'-ap2_R
146122,KCg-m,KCg-m_R
146190,FR2,FR2_C1_L
146275,KCab-c,KCab-c_R
146387,KCab-s,KCab-s_R
146418,PAM12,PAM12(y3)_R
146603,PAM01,PAM01(y5)_R
146773,PAM04,PAM04(B2)_R
146774,PAM14,PAM14(B'1m)_R
146943,KCab-m,KCab-m_R
147352,SIP057,SIP057_R
147591,PAM06,PAM06(B'2m)_R
147857,PAM11,PAM11(a1)_L
147912,SIP075,SIP075_R
148001,KCab-c,KCab-c_R
148213,KCab-c,KCab-c_R
148230,CB2469,CB2469_R
148328,PAM02,PAM02(B'2a)_L
148337,KCab-s,KCab-s_R
148469,PAM02,PAM02(B'2a)_L
148652,SIP053,SIP053_R
148868,CB4195,CB4195_R
148909,CB3476,CB3476_R
149160,FC1C_a,FC1C_a_C7_L
149279,KCa'b'-ap2,KCa'b'-ap2_R
149390,LAL035,LAL035_R
149497,LHAD3a8,LHAD3a8_L
149636,KCab-s,KCab-s_R
149792,KCg-m,KCg-m_R
149869,PAM09,PAM09(B1ped)_L
150034,PAM09,PAM09(B1ped)_R
150109,KCab-m,KCab-m_R
150177,PAM01,PAM01(y5)_L
150472,SLP217,SLP217_R
150738,KCa'b'-m,KCa'b'-m_R
150823,KCa'b'-ap1,KCa'b'-ap1_R
150828,PAM02,PAM02(B'2a)_L
150846,CRE052,CRE052_R
150983,PAM14,PAM14(B'1m)_L
151013,PAM03,PAM03(B2B'2a)_L
151030,CB1574,CB1574_R
151133,PAM06,PAM06(B'2m)_L
151224,KCab-c,KCab-c_R
151370,CB2846,CB2846_R
151584,KCa'b'-ap2,KCa'b'-ap2_R
151958,KCab-s,KCab-s_R
151993,PAM05,PAM05(B'2p)_R
152019,PAM08,PAM08(y4)_R
152031,KCa'b'-ap2,KCa'b'-ap2_R
152044,PAM08,PAM08(y4)_R
152056,PAM06,PAM06(B'2m)_L
152291,PAM14,PAM14(B'1m)_L
152323,SLP242,SLP242_R
152326,PAM13,PAM13(B'1ap)_L
152385,PAM08,PAM08(y4)_R
152428,PAM12,PAM12(y3)_L
152476,CRE056,CRE056_R
152601,KCab-m,KCab-m_R
152860,KCa'b'-ap1,KCa'b'-ap1_R
152873,PVLP205m,PVLP205m_R
152889,KCab-s,KCab-s_R
152997,PAM05,PAM05(B'2p)_L
153035,PAM04,PAM04(B2)_L
153080,KCab-p,KCab-p_R
153165,KCa'b'-m,KCa'b'-m_R
153201,CB2245,CB2245_R
153373,TuBu09,TuBu09_SBU_R
153573,KCab-m,KCab-m_R
153593,KCab-c,KCab-c_R
153672,KCa'b'-ap2,KCa'b'-ap2_R
153695,KCab-c,KCab-c_R
153858,SLP405,SLP405_R
154230,PAM05,PAM05(B'2p)_R
154387,PAM14,PAM14(B'1m)_L
154433,KCg-m,KCg-m_R
154672,CB2934,CB2934_R
154837,KCab-c,KCab-c_R
154896,CRE037,CRE037_R
155118,KCab-c,KCab-c_R
155154,SLP246,SLP246_R
155194,FR2,FR2_C5_L
155329,PAM02,PAM02(B'2a)_R
155692,KCab-s,KCab-s_R
155708,KCab-c,KCab-c_R
155793,KCa'b'-ap1,KCa'b'-ap1_R
155798,,
155916,PAM01,PAM01(y5)_L
156028,PAM01,PAM01(y5)_R
156046,PAM01,PAM01(y5)_L
156345,KCab-c,KCab-c_R
156513,,
156598,KCab-s,KCab-s_R
156633,CB2117,CB2117_R
157016,PAM11,PAM11(a1)_L
157037,KCab-m,KCab-m_R
157134,PAM08,PAM08(y4)_R
157166,KCab-s,KCab-s_R
157274,LAL034,LAL034_R
157281,KCab-s,KCab-s_R
157370,PAM13,PAM13(B'1ap)_R
157588,KCab-s,KCab-s_R
157610,KCab-m,KCab-m_R
157683,PAM04,PAM04(B2)_R
157751,KCa'b'-ap2,KCa'b'-ap2_R
157767,PAM05,PAM05(B'2p)_R
157794,ORN_DA1,ORN_DA1_R
157816,PAM04,PAM04(B2)_L
157821,FB9B_b,FB9B_b_R
157838,FR2,FR2_C9_L
157864,KCg-m,KCg-m_R
157932,SLP246,SLP246_R
158196,PAM04,PAM04(B2)_L
158246,KCab-c,KCab-c_R
158252,FR2,FR2_C7_L
158276,KCab-c,KCab-c_R
158344,KCab-m,KCab-m_R
158372,PAM08,PAM08(y4)_L
158651,PAM06,PAM06(B'2m)_L
158857,KCab-c,KCab-c_R
158869,KCa'b'-ap2,KCa'b'-ap2_R
159062,PAM01,PAM01(y5)_L
159158,PAM01,PAM01(y5)_L
159177,CRE038,CRE038_L
159201,FR2,FR2_C3_L
159692,KCab-c,KCab-c_R
159831,PAM14,PAM14(B'1m)_L
160277,PAM06,PAM06(B'2m)_R
160320,MBON25-like,MBON25-like(y2)_L
160369,CRE019,CRE019_R
160394,CB2846,CB2846_R
160878,KCg-m,KCg-m_R
160885,KCab-s,KCab-s_R
160889,KCab-m,KCab-m_R
160923,CL172,CL172_R
161026,KCa'b'-ap2,KCa'b'-ap2_R
161079,PAM15,PAM15(y5B'2a)_L
161302,KCa'b'-m,KCa'b'-m_R
161432,KCab-m,KCab-m_R
161517,KCab-c,KCab-c_R
161529,KCab-m,KCab-m_R
161552,KCab-s,KCab-s_R
161596,PAM14,PAM14(B'1m)_R
161648,KCab-c,KCab-c_R
161786,KCab-m,KCab-m_R
162116,PAM13,PAM13(B'1ap)_L
162211,FB5Z,FB5Z_R
162232,TuBu07,TuBu07_SBU_R
162392,KCab-s,KCab-s_R
162631,PAM13,PAM13(B'1ap)_R
162674,KCab-c,KCab-c_R
163102,KCa'b'-ap1,KCa'b'-ap1_R
163194,PAM06,PAM06(B'2m)_R
163883,PAM03,PAM03(B2B'2a)_L
163951,PAM06,PAM06(B'2m)_R
163971,KCg-m,KCg-m_R
164086,PAM01,PAM01(y5)_R
164103,KCg-m,KCg-m_R
164216,KCab-c,KCab-c_R
164279,PAM14,PAM14(B'1m)_R
164424,CB1357,CB1357_R
164534,KCab-s,KCab-s_R
164601,PAM14,PAM14(B'1m)_L
165180,KCab-c,KCab-c_R
165187,PAM05,PAM05(B'2p)_R
165240,KCab-s,KCab-s_R
165307,KCab-s,KCab-s_R
165365,PAM01,PAM01(y5)_L
166005,KCab-m,KCab-m_R
166057,KCab-s,KCab-s_R
166063,SLP217,SLP217_L
166581,KCab-s,KCab-s_R
166914,KCab-m,KCab-m_R
167009,PAM01,PAM01(y5)_R
167073,PAM14,PAM14(B'1m)_R
167116,CB1574,CB1574_L
167194,SMP453,SMP453_R
167563,CRE057,CRE057_R
167578,LHPD2c6,LHPD2c6_R
167674,CB4196,CB4196_R
167708,KCab-s,KCab-s_R
167780,KCab-s,KCab-s_R
167793,KCab-c,KCab-c_R
168020,PAM03,PAM03(B2B'2a)_L
168080,PAM03,PAM03(B2B'2a)_L
168306,KCg-m,KCg-m_R
168405,KCab-c,KCab-c_R
168433,KCab-s,KCab-s_R
168836,FR2,FR2_C6_L
169027,PAM03,PAM03(B2B'2a)_R
169141,KCab-m,KCab-m_R
169674,PAM04,PAM04(B2)_L
170040,KCab-s,KCab-s_R
170115,CB3208,CB3208_R
170254,CB1263,CB1263_R
170450,PAM10,PAM10(B1)_L
170466,KCab-m,KCab-m_R
170467,PAM03,PAM03(B2B'2a)_R
170639,SMP006,SMP006_R
170719,KCa'b'-ap2,KCa'b'-ap2_R
170870,KCab-c,KCab-c_R
171048,KCab-p,KCab-p_R
171306,KCab-s,KCab-s_R
171575,FS1B_a,FS1B_a_C7_L
171959,PAM02,PAM02(B'2a)_R
172186,KCab-m,KCab-m_R
172430,CB4141,CB4141_R
172635,KCab-m,KCab-m_R
173157,KCab-m,KCab-m_R
173188,KCab-s,KCab-s_R
173248,SMP019,SMP019_R
173467,SMP174,SMP174_R
173573,KCab-c,KCab-c_R
173807,KCab-s,KCab-s_R
173882,KCab-s,KCab-s_R
174060,KCab-c,KCab-c_R
174255,PAM14,PAM14(B'1m)_L
174318,SMP008,SMP008_R
174384,PAM03,PAM03(B2B'2a)_R
174450,SIP034,SIP034_R
174587,KCab-m,KCab-m_R
174862,PAM08,PAM08(y4)_R
175232,PAM13,PAM13(B'1ap)_L
175459,PAM08,PAM08(y4)_L
175766,KCab-c,KCab-c_R
175964,PAM08,PAM08(y4)_R
175976,KCab-c,KCab-c_R
176320,KCab-c,KCab-c_R
176429,PAM04,PAM04(B2)_L
176460,PAM15,PAM15(y5B'2a)_R
176770,KCg-m,KCg-m_R
176990,,
177202,PAM03,PAM03(B2B'2a)_L
177383,KCab-c,KCab-c_R
177603,PAM04,PAM04(B2)_L
177800,PAM04,PAM04(B2)_L
178193,SIP054,SIP054_R
178307,KCab-c,KCab-c_R
178455,CRE005,CRE005_R
178476,KCab-s,KCab-s_R
178487,PAM08,PAM08(y4)_R
178539,PAM04,PAM04(B2)_R
178810,KCab-m,KCab-m_R
178945,PAM10,PAM10(B1)_R
178990,LAL037,LAL037_R
179219,KCab-s,KCab-s_R
179489,KCab-c,KCab-c_R
180332,KCa'b'-m,KCa'b'-m_R
180341,SMP007,SMP007_R
180403,PAM09,PAM09(B1ped)_R
180422,KCab-c,KCab-c_R
180588,KCg-m,KCg-m_R
180728,KCa'b'-ap2,KCa'b'-ap2_R
180875,SMP016_a,SMP016_a_R
180905,KCg-m,KCg-m_R
180920,KCab-s,KCab-s_R
180939,KCab-s,KCab-s_R
181180,KCab-c,KCab-c_R
181464,KCab-m,KCab-m_R
181556,CRE054,CRE054_R
181924,PAM01,PAM01(y5)_L
181935,,
182596,KCab-s,KCab-s_R
182702,KCa'b'-ap1,KCa'b'-ap1_R
183205,LHAV9a1_b,LHAV9a1_b_R
183567,PAM13,PAM13(B'1ap)_L
183617,SMP214,SMP214_R
183756,SLP245,SLP245(SIP055)_R
184536,KCab-p,KCab-p_R
184778,PAM08,PAM08(y4)_R
184913,SMP008,SMP008_R
186043,KCab-m,KCab-m_R
186211,SIP074_b,SIP074_b_R
186305,KCa'b'-ap2,KCa'b'-ap2_R
186566,PAM04,PAM04(B2)_R
186613,KCab-c,KCab-c_R
186833,KCab-m,KCab-m_R
186977,KCa'b'-m,KCa'b'-m_R
187266,KCab-s,KCab-s_R
187741,MBON15-like,MBON15-like(a'1a'2)_R
188253,KCab-s,KCab-s_R
188606,KCab-c,KCab-c_R
189040,,
189047,KCg-m,KCg-m_R
189068,KCab-m,KCab-m_R
189744,KCab-s,KCab-s_R
190020,SMP714m,SMP714m_R
190296,PAM02,PAM02(B'2a)_R
190297,PAM03,PAM03(B2B'2a)_L
190302,KCab-s,KCab-s_R
190421,LAL037,LAL037_R
190635,PAM05,PAM05(B'2p)_R
191910,CRE055,CRE055_R
191928,KCab-s,KCab-s_R
191936,KCab-c,KCab-c_R
192245,PAM05,PAM05(B'2p)_R
192414,SLP398,SLP398_R
192421,KCab-p,KCab-p_R
192762,KCab-s,KCab-s_R
194483,KCg-m,KCg-m_R
194678,KCa'b'-m,KCa'b'-m_R
195206,KCab-m,KCab-m_R
195279,KCg-m,KCg-m_R
195297,KCa'b'-m,KCa'b'-m_R
196030,PAM06,PAM06(B'2m)_L
196369,KCab-s,KCab-s_R
196622,PAM12,PAM12(y3)_R
196985,PAM05,PAM05(B'2p)_R
197319,KCab-m,KCab-m_R
197363,KCab-p,KCab-p_R
197920,PAM08,PAM08(y4)_R
198431,KCab-s,KCab-s_R
198507,PAM13,PAM13(B'1ap)_L
198758,PAM01,PAM01(y5)_L
199980,SIP113m,SIP113m_R
200284,LAL040,LAL040_R
200684,KCab-s,KCab-s_R
200908,KCa'b'-ap2,KCa'b'-ap2_R
200973,PAM10,PAM10(B1)_R
202330,PAM13,PAM13(B'1ap)_R
203543,KCa'b'-m,KCa'b'-m_R
203682,PAM14,PAM14(B'1m)_R
203885,PAM13,PAM13(B'1ap)_R
204930,PAM11,PAM11(a1)_L
205354,CB1148,CB1148_R
205884,PAM01,PAM01(y5)_R
206644,SIP113m,SIP113m_R
206851,PAM12,PAM12(y3)_R
207122,PAM13,PAM13(B'1ap)_L
207463,PAM06,PAM06(B'2m)_R
207740,CRE054,CRE054_R
208566,MBON34,MBON34(y2)_L
209327,SMP111,SMP111_R
209656,PAM13,PAM13(B'1ap)_L
209949,KCab-c,KCab-c_R
210440,KCab-s,KCab-s_R
211474,KCab-m,KCab-m_R
211870,CB2174,CB2174_L
212085,PAM01,PAM01(y5)_R
212160,PAM08,PAM08(y4)_R
212512,CB3043,CB3043_R
212684,PAM14,PAM14(B'1m)_L
212793,CB1956,CB1956_R
213070,LHAV9a1_c,LHAV9a1_c_R
213743,PAM05,PAM05(B'2p)_R
213934,KCab-m,KCab-m_R
213996,KCab-p,KCab-p_R
214044,KCab-m,KCab-m_R
214174,SMP174,SMP174_R
214184,CB1220,CB1220_R
215931,PAM11,PAM11(a1)_R
215940,PAM13,PAM13(B'1ap)_L
217007,PAM06,PAM06(B'2m)_R
217737,PAM14,PAM14(B'1m)_L
218356,KCab-m,KCab-m_R
218518,PAM13,PAM13(B'1ap)_R
218583,PAM04,PAM04(B2)_R
220167,ORN_DA1,ORN_DA1_R
221183,SMP174,SMP174_R
221876,KCg-m,KCg-m_R
221939,SIP113m,SIP113m_R
222130,KCab-s,KCab-s_R
222790,CB2035,CB2035_R
223539,SLP104,SLP104_R
223880,KCab-m,KCab-m_R
223967,ATL008,ATL008_R
224160,PAM14,PAM14(B'1m)_R
224205,PAM09,PAM09(B1ped)_R
224471,SMP102,SMP102_R
224500,PAM11,PAM11(a1)_R
226379,KCab-s,KCab-s_R
226452,PAM05,PAM05(B'2p)_R
226708,PAM08,PAM08(y4)_R
227050,CB4196,CB4196_R
228556,SLP391,SLP391_R
228917,KCab-p,KCab-p_R
229837,LHAV9a1_a,LHAV9a1_a_R
230802,PAM05,PAM05(B'2p)_L
231285,CB3124,CB3124_L
231413,PAM14,PAM14(B'1m)_L
233959,SIP045,SIP045_R
235885,CB2363,CB2363_R
236758,SLP217,SLP217_R
237109,KCab-s,KCab-s_R
238625,,
238644,PAM11,PAM11(a1)_R
239218,SMP018,SMP018_R
239873,PAM04,PAM04(B2)_L
240986,SMP450,SMP450_R
241271,,
242401,KCab-s,KCab-s_R
242429,PAM08,PAM08(y4)_R
243477,PAM13,PAM13(B'1ap)_R
243735,KCg-m,KCg-m_R
245271,KCab-s,KCab-s_R
247098,KCa'b'-m,KCa'b'-m_R
247112,LAL002,LAL002_R
248678,KCab-s,KCab-s_R
248808,SIP054,SIP054_R
252045,PAM01,PAM01(y5)_R
257650,PAM02,PAM02(B'2a)_R
258547,LAL043_a,LAL043_a_R
259089,PAM02,PAM02(B'2a)_R
259486,PAM04,PAM04(B2)_R
259964,SIP032,SIP032(SIP059)_R
261784,SMP081,SMP081_R
261849,KCab-m,KCab-m_R
262117,KCab-m,KCab-m_R
263358,KCab-m,KCab-m_R
263886,KCab-s,KCab-s_R
264746,KCab-m,KCab-m_R
266449,KCab-s,KCab-s_R
268292,KCab-m,KCab-m_R
269890,,KC_R_fragment
272106,KCab-m,KCab-m_R
273182,PAM11,PAM11(a1)_L
277872,,KC_R_fragment
286259,OA-ASM1,OA-ASM1_R
286746,SMP714m,SMP714m_R
287798,KCab-s,KCab-s_R
287884,OA-VPM3,OA-VPM3_L
291665,PAM02,PAM02(B'2a)_R
292203,PAM04,PAM04(B2)_L
294038,,KC_R_fragment
294178,EL,EL_L
294758,KCab-c,KCab-c_R
296721,SIP119m,SIP119m_R
297139,PAM04,PAM04(B2)_R
298089,CB1079,CB1079_R
301311,SLP105,SLP105_R
303093,KCab-s,KCab-s_R
305105,aIPg_m2,aIPg_m2_R
305793,SIP053,SIP053_R
318416,SMP_unclear,SMP_unclear_R
319321,PAM11,PAM11(a1)_R
323767,,
325731,PAM01,PAM01(y5)_R
326664,LH003m,LH003m_R
328274,,
336850,PAM03,PAM03(B2B'2a)_L
341512,PAM04,PAM04(B2)_L
357239,,
357459,,
364703,,
365046,KCab-s,KCab-s_R
365644,,KC_R_fragment
369729,,
374700,KCab-p,KCab-p_R
375168,KCab-c,KCab-c_R
394860,MBON25,MBON25(y1y2)_R
396316,SIP075,SIP075_R
429575,,
435343,CRE070,CRE070_L
436551,,
450763,,
463190,,
485278,FB4H,FB4H_R
488612,,
495287,CB3873,CB3873_R
500003,KCab-s,KCab-s_R
500140,KCab-s,KCab-s_R
500143,KCab-s,KCab-s_R
500161,KCab-s,KCab-s_R
506608,SIP065,SIP065_R
506819,PAM01,PAM01(y5)_R
508595,MBON35,MBON35(y2)_R
511776,LAL084,LAL084_R
511778,EL,EL_L
511844,PEG,PEG(PB07)_L1
511846,PFR_a,PFR_a(PB11a)_L6_C6
511935,SMP084,SMP084_R
511982,SMP077,SMP077_R
511985,,
512041,FB4F_a,FB4F_a_R
512042,FB4F_c,FB4F_c_R
512156,SMP115,SMP115_L
512186,CRE006,CRE006_L
512315,ATL007,ATL007_L
512326,PPL105,PPL105(a'2a2)_L
512392,LAL011,LAL011_R
512406,SMP203,SMP203_R
512420,SMP483,SMP483_R
512459,CRE025,CRE025_L
512460,SMP114,SMP114_L
512498,AN09B017f,AN09B017f_L
512514,EPG,EPG(PB08)_L1
512579,SMP089,SMP089_L
512580,pC1x_b,pC1x_b_R
512694,LAL110,LAL110_L
512734,SMP081,SMP081_L
512745,LHPD4c1,LHPD4c1_R
512746,SMP238,SMP238_R
512788,MBON18,MBON18(a2sc)_L
512841,SMP109,SMP109_L
512899,SMP334,SMP334_R
512925,CRE043_d,CRE043_d_R
512926,SMP050,SMP050_R
513084,SMP590_b,SMP590_b_R
513091,CRE049,CRE049_R
513102,VES206m,VES206m_L
513131,IB064,IB064_R
513174,MBON30,MBON30(y1y2y3)_L
513219,SIP066,SIP066_L
513370,SLP392,SLP392_R
513376,FB4O,FB4O_R
513379,ER5,ER5_R
513387,MBON17-like,MBON17-like(a'2a'3)_L
513391,MBON17-like,MBON17-like(a'2a'3)_R
513409,SLP389,SLP389_R
513531,ANXXX150,ANXXX150_R
513601,LHCENT4,LHCENT4_R
513602,SMP488,SMP488_R
513603,CRE078,CRE078_R
513630,SMP012,SMP012_R
513662,FB7G,FB7G_R
513663,SMP729m,SMP729m_R
513678,ER3w_b,ER3w_b_R
513691,LAL026_a,LAL026_a_R
513764,LAL028,LAL028_R
513791,LAL130,LAL130_L
513927,SMP174,SMP174_L
514036,CRE024,CRE024_L
514066,KCa'b'-ap2,KCa'b'-ap2_R
514077,pC1_11b,pC1_11b_L
514180,ER3p_b,ER3p_b_R
514249,SIP020_a,SIP020_a_R
514266,PS021,PS021_R
514441,AN00A006,AN00A006(514441)_M
514543,SMP055,SMP055_R
514661,SLP421,SLP421_R
514666,SIP067,SIP067_R
514677,LAL185,LAL185_R
514689,FB5C,FB5C_R
514690,FB5W_a,FB5W_a_R
514768,LAL136_a,LAL136_a_R
514853,MBON13,MBON13(a'2)_R
514925,pC1_3b,pC1_3b_R
514980,CRE049,CRE049_L
515015,MBON30,MBON30(y1y2y3)_R
515034,MBON27,MBON27(y5d)_R
515048,PPL104,PPL104(a'3)_L
515221,FB4G,FB4G_R
515293,LAL199,LAL199_R
515338,MBON07,MBON07(a1)_R
515676,WED002,WED002_R
515735,SIP071,SIP071_R
515739,SMP170,SMP170_R
515809,PLP010,PLP010_L
515810,FB2M_a,FB2M_a_R
515811,SIP064,SIP064_R
515842,WED082,WED082_R
515906,SMP144,SMP144_R
515912,SMP399_b,SMP399_b_R
515914,SLP101,SLP101_R
515977,pC1_10b,pC1_10b_R
516044,PAM04,PAM04(B2)_R
516110,ER6,ER6_R
516167,AVLP753m,AVLP753m_L
516419,SMP347,SMP347_R
516504,SMP382,SMP382_R
516524,AVLP494,AVLP494_R
516622,SMP595,SMP595_R
516663,PFR_b,PFR_b(PB11b)_L5_C6
516721,CB2117,CB2117_R
516944,ER5,ER5_L
516960,WED002,WED002_R
517050,SMP143,SMP143(SMP149)_R
517212,SMP052,SMP052_R
517337,pC1_10a,pC1_10a_R
517512,ExR2,ExR2_L
517726,LCNOp,LCNOp_R
517763,EL,EL_L
517866,SLP327,SLP327_R
518013,SIP100m,SIP100m_R
518072,PAM09,PAM09(B1ped)_L
518137,PAM06,PAM06(B'2m)_L
518320,PS038,PS038_R
518333,KCa'b'-ap1,KCa'b'-ap1_R
518354,ATL039,ATL039_R
518488,SMP081,SMP081_R
518489,SMP358,SMP358_R
518490,CRE034,CRE034_L
518506,PLP042_a,PLP042_a_R
518554,KCab-s,KCab-s_R
518589,pC1_10c,pC1_10c_L
518644,FB5T,FB5T_R
518690,ER1_b,ER1_b_R
518707,CB1062,CB1062_L
518708,SMP112,SMP112_R
518777,CRE039,CRE039_L
518889,SIP109m,SIP109m_R
518959,KCab-s,KCab-s_R
519129,LAL010,LAL010_R
519131,MBON32,MBON32(y2)_R
519132,CRE011,CRE011_R
519140,EPG,EPG(PB08)_L1
519230,LAL045,LAL045_L
519263,LoVC2,LoVC2(IB006)_R
519284,CRE006,CRE006_R
519296,AVLP477,AVLP477_R
519316,ATL018,ATL018_R
519325,SIP107m,SIP107m_L
519367,ATL037,ATL037_R
519368,MBON12,MBON12(y2a'1)_R
519371,MBON05,MBON05(y4>y1y2)_L
519373,MBON03,MBON03(B'2mp)_L
519398,SMP048,SMP048_L
519442,CRE065,CRE065_R
519573,SMP377,SMP377_R
519591,SMP055,SMP055_R
519592,SMP054,SMP054_R
519619,MBON29,MBON29(y4y5)_L
519716,LAL198,LAL198_R
519751,AN27X009,AN27X009_R
519753,SMP720m,SMP720m_R
519857,KCg-m,KCg-m_R
519866,SMP142,SMP142_L
519890,LAL017,LAL017_R
519907,mAL_m9,mAL_m9_L
519926,AOTU025,AOTU025_R
519979,LAL034,LAL034_R
520053,SIP088,SIP088_R
520146,SIP106m,SIP106m_L
520151,MBON01,MBON01(y5B'2a)_L
520154,SMP079,SMP079_R
520168,SLP212_c,SLP212_c_L
520169,SMP589,SMP589_L
520183,KCab-s,KCab-s_R
520197,VES200m,VES200m_R
520198,ICL013m_b,ICL013m_b_R
520204,KCg-d,KCg-d_R
520205,CB4159,CB4159_L
520206,KCg-d,KCg-d_R
520232,PS003,PS003(PS006)_R
520236,SMP049,SMP049_R
520379,SMP154,SMP154_R
520384,PAM12,PAM12(y3)_R
520393,CRE042,CRE042_L
520403,PAM10,PAM10(B1)_L
520468,ExR3,ExR3_R
520472,SMP371_b,SMP371_b_R
520580,SMP157,SMP157_R
520616,PAM11,PAM11(a1)_L
520721,SMP471,SMP471_R
520723,SMP715m,SMP715m_R
520727,FB4K,FB4K_R
520773,SMP081,SMP081_L
520775,FLA002m,FLA002m_L
520817,ExR4,ExR4_R
520818,EPG,EPG(PB08)_L4
520820,LAL030_a,LAL030_a_R
520821,LAL034,LAL034_R
520822,CB2117,CB2117_R
520823,KCab-s,KCab-s_R
520825,,
520895,SIP086,SIP086_R
521028,IB018,IB018_R
521063,LHPD5d1,LHPD5d1_L
521074,SIP069,SIP069_R
521075,ATL017,ATL017_R
521086,MBON12,MBON12(y2a'1)_R
521087,CRE018,CRE018_R
521194,SLP440,SLP440_R
521196,SLP008,SLP008_R
521239,ATL035,ATL035_R
521292,SMP145,SMP145_R
521311,CB2040,CB2040_R
521312,CB3121,CB3121_R
521336,CRE108,CRE108_R
521337,SMP369,SMP369_R
521351,CRE046,CRE046_R
521352,SMP048,SMP048_R
521375,PVLP016,PVLP016_R
521384,KCg-m,KCg-m_R
521526,MBON03,MBON03(B'2mp)_R
521527,LAL073,LAL073_L
521528,ER5,ER5_L
521534,ER5,ER5_L
521535,ER5,ER5_L
521626,CRE081,CRE081_R
521635,PFR_b,PFR_b(PB11b)_L3_C3
521637,PFR_a,PFR_a(PB11a)_R1_C1_irreg
521671,SIP123m,SIP123m_L
521679,CRE030_b,CRE030_b_L
521736,SMP709m,SMP709m_L
521781,KCab-s,KCab-s_R
521815,VES054,VES054_R
521971,CRE023,CRE023_R
521972,VES200m,VES200m_R
521975,FB5Q,FB5Q_R
521981,SIP102m,SIP102m_R
522444,MBON02,MBON02(B2B'2a)_R
522448,SLP212_a,SLP212_a_R
522707,LAL034,LAL034_R
522745,ER2_c,ER2_c_L
522749,MBON02,MBON02(B2B'2a)_L
522789,SMP142,SMP142_R
522790,FB2B_b,FB2B_b_R
522793,SMP083,SMP083_R
522806,ER3d_c,ER3d_c_R
522807,LAL134,LAL134_R
522824,VES200m,VES200m_R
522828,LHCENT3,LHCENT3_R
522838,ATL028,ATL028_R
522972,ExR7,ExR7_R
522983,SMP446,SMP446_R
522991,ExR7,ExR7_L
522993,PFGs,PFGs(PB10)_R1_C1_irreg
523035,ER3a_a,ER3a_a_R
523043,MBON33,MBON33(y2y3)_R
523044,SMP020,SMP020_R
523059,SMP075,SMP075_R
523060,MBON09,MBON09(y3B'1)_R
523425,SMP541,SMP541_R
523553,PAM05,PAM05(B'2p)_L
523628,MBON21,MBON21(y4y5)_R
523630,KCg-m,KCg-m_R
523632,GNG700m,GNG700m_R
523636,VES092,VES092(hb1629383757)_R
523638,PAM01,PAM01(y5)_R
523715,LAL129,LAL129_L
523776,FB1C,FB1C_R
523791,PAM04,PAM04(B2)_R
523907,SMP058,SMP058_R
523926,LAL025,LAL025_R
523942,PAM08,PAM08(y4)_R
523987,MBON29,MBON29(y4y5)_R
524067,FB4K,FB4K_R
524069,PAM08,PAM08(y4)_R
524120,SMP084,SMP084_L
524170,CRE082,CRE082_R
524199,SIP076,SIP076_R
524215,SMP148,SMP148_R
524268,AOTU063_a,AOTU063_a_R
524504,CRE039,CRE039_L
524612,FB4A_a,FB4A_a_R
524641,SMP386,SMP386_R
524678,CRE055,CRE055_R
524741,LHPV7b1,LHPV7b1_R
524750,,
524795,FB4F_b,FB4F_b_R
524809,KCg-m,KCg-m_R
524949,CRE027,CRE027_R
524968,DNp32,DNp32_R
525010,,
525013,CB4110,CB4110_R
525061,PFGs,PFGs(PB10)_L7_C7
525063,FB6O,FB6O_R
525066,FB4F_c,FB4F_c_R
525069,LAL019,LAL019_R
525364,FB7F,FB7F_R
525391,SMP004,SMP004_R
525393,FB4R,FB4R_R
525448,FB5F,FB5F_R
525615,aIPg_m3,aIPg_m3_R
525662,KCa'b'-m,KCa'b'-m_R
525777,SMP165,SMP165_R
525780,MBON04,MBON04(B'2mp_bilateral)_R
525787,PAM05,PAM05(B'2p)_L
525898,CRE079,CRE079_R
526085,PFR_a,PFR_a(PB11a)_L3_C3
526285,FB6S,FB6S_R
526311,SMP076,SMP076_R
526526,SMP252,SMP252_R
526720,KCa'b'-ap2,KCa'b'-ap2_R
526724,KCa'b'-ap1,KCa'b'-ap1_R
526823,CB2687,CB2687_L
526837,ICL013m_a,ICL013m_a_R
526857,SMP006,SMP006_R
526918,pC1_1a,pC1_1a_R
526973,SMP153_b,SMP153_b_R
527048,FR1,FR1(FQ4)_C9_L
527209,KCg-m,KCg-m_R
527211,KCg-m,KCg-m_R
527254,CB3396,CB3396_R
527297,ER5,ER5_R
527320,SMP155,SMP155_R
527327,CRE044,CRE044_R
527331,SMP069,SMP069_R
527475,PFR_a,PFR_a(PB11a)_L2_C2
527653,ER4d,ER4d_L
528100,PAM09,PAM09(B1ped)_L
529002,SMP254,SMP254_L
529038,GNG289,GNG289(hb833043564)_R
529039,KCab-c,KCab-c_R
529041,KCab-s,KCab-s_R
529129,FB6A_b,FB6A_b_R
529153,SMP408_d,SMP408_d_R
529282,FLA001m,FLA001m_R
529424,SMP089,SMP089_L
529491,CB1062,CB1062_R
529500,,
529512,PPL106,PPL106_R
529515,SMP190,SMP190_R
529516,PPL106,PPL106_L
529519,LHPV10d1,LHPV10d1_R
529549,SMP178,SMP178_L
529641,LAL018,LAL018_R
529681,ATL040,ATL040_R
529754,SMP087,SMP087_R
529839,SIP027,SIP027_R
529863,SMP196_b,SMP196_b_R
529997,CRE019,CRE019_R
530060,,
530148,TuBu09,TuBu09_SBU_R
530191,LHAV9a1_c,LHAV9a1_c_R
530310,SLP105,SLP105_R
530448,ANXXX116,ANXXX116(520143)_R
530449,FR1,FR1(FQ4)_C4_L
530798,CRE075,CRE075_R
530799,SMP075,SMP075_R
530800,SMP714m,SMP714m_R
530872,CRE083,CRE083_R
530874,CRE083,CRE083_R
530875,MBON04,MBON04(B'2mp_bilateral)_L
530878,CRE083,CRE083_R
530880,FR1,FR1(FQ4)_C2_L
530997,LH003m,LH003m_R
531009,PFR_b,PFR_b(PB11b)_L1_C2
531133,OA-ASM3,OA-ASM3_R
531419,SLP396,SLP396_R
531558,PVLP205m,PVLP205m_L
531666,CRE055,CRE055_R
531708,CRE008,CRE008_R
531755,PFR_a,PFR_a(PB11a)_L2_C2
531867,SIP102m,SIP102m_L
531984,SMP374,SMP374_R
531985,PVLP010,PVLP010_R
532010,SMP503,SMP503_R
532011,pC1_18a,pC1_18a_R
532055,SIP132m,SIP132m_L
532056,SMP371_a,SMP371_a_R
532080,PVLP205m,PVLP205m_L
532287,KCab-s,KCab-s_R
532290,KCab-s,KCab-s_R
532571,SMP133,SMP133_L
532712,SMP128,SMP128_L
532715,PAM05,PAM05(B'2p)_L
532920,CRE043_c2,CRE043_c2_R
533081,KCab-s,KCab-s_R
533103,FB1H,FB1H(NO2/3)_R
533109,CB2398,CB2398_R
533123,FB4Q_b,FB4Q_b_R
533155,SMP117_a,SMP117_a_L
533201,KCg-m,KCg-m_R
533211,KCab-p,KCab-p_R
533223,FB4F_a,FB4F_a_R
533294,PAM01,PAM01(y5)_L
533345,KCg-d,KCg-d_R
533346,KCg-m,KCg-m_R
533411,LAL023,LAL023_R
533483,SIP053,SIP053_R
533735,LHAD1c2,LHAD1c2_R
533736,LHAD1c2,LHAD1c2_R
533955,SMP399_b,SMP399_b_R
534170,CB2194,CB2194_R
534301,CRE041,CRE041_R
534420,mALB5,mALB5_L
534428,KCg-m,KCg-m_R
534983,KCab-s,KCab-s_R
535053,FB7F,FB7F_R
535065,CRE043_a1,CRE043_a1_R
535076,CRE056,CRE056_R
535603,SIP076,SIP076_R
535720,KCg-d,KCg-d_R
536050,SMP151,SMP151_L
536054,SMP155,SMP155_R
536207,AN19B019,AN19B019(hb706176085)_L
536208,FB5H,FB5H_R
536289,KCab-s,KCab-s_R
536292,KCg-m,KCg-m_R
536363,KCg-d,KCg-d_R
536441,FB5Q,FB5Q_R
536443,FB6W,FB6W_R
537061,KCab-s,KCab-s_R
537082,KCg-m,KCg-m_R
537383,SIP104m,SIP104m_R
537652,KCg-m,KCg-m_R
537659,SMP138,SMP138_L
539151,LAL020,LAL020_R
539249,KCg-m,KCg-m_R
539367,KCa'b'-m,KCa'b'-m_R
539381,KCab-s,KCab-s_R
539448,ATL018,ATL018_R
539884,CB1771,CB1771_L
540249,SMP408_b,SMP408_b_R
540276,,
540383,MBON10,MBON10(B'1)_R
541481,SMP452,SMP452_R
541882,KCa'b'-ap1,KCa'b'-ap1_R
542101,KCa'b'-ap2,KCa'b'-ap2_R
542106,KCa'b'-m,KCa'b'-m_R
543403,SLP405_c,SLP405_c_R
543428,SMP477,SMP477_R
543472,CB1151,CB1151_R
543506,EPGt,EPGt(PB09)_L9
543628,LHAV9a1_b,LHAV9a1_b_R
543677,PAM01,PAM01(y5)_R
543682,KCg-m,KCg-m_R
543987,SMP207,SMP207_R
544257,PAM10,PAM10(B1)_R
544359,PAM10,PAM10(B1)_R
544476,KCab-s,KCab-s_R
544770,PAM04,PAM04(B2)_R
545066,KCab-m,KCab-m_R
545597,KCa'b'-ap2,KCa'b'-ap2_R
545611,CRE051,CRE051_R
545809,KCab-s,KCab-s_R
546002,SIP028,SIP028_L
546905,KCab-p,KCab-p_R
547260,PAM10,PAM10(B1)_R
547275,KCg-m,KCg-m_R
547293,KCa'b'-m,KCa'b'-m_R
547298,FR2,FR2_C8_L
547586,KCab-c,KCab-c_R
548138,CB2784,CB2784_R
548428,CRE028,CRE028_L
548654,KCa'b'-ap2,KCa'b'-ap2_R
549193,CB2784,CB2784_R
549208,LAL022,LAL022_R
549344,KCa'b'-ap2,KCa'b'-ap2_R
550362,KCab-s,KCab-s_R
550403,KCab-s,KCab-s_R
550598,KCab-s,KCab-s_R
550753,KCab-m,KCab-m_R
550775,KCab-m,KCab-m_R
550868,KCg-m,KCg-m_R
550950,KCab-s,KCab-s_R
551434,KCa'b'-m,KCa'b'-m_R
551436,KCa'b'-ap2,KCa'b'-ap2_R
551561,KCab-s,KCab-s_R
552080,KCa'b'-ap2,KCa'b'-ap2_R
552362,PAM12,PAM12(y3)_R
552553,KCab-p,KCab-p_R
552693,KCg-m,KCg-m_R
552867,KCg-m,KCg-m_R
553201,PAM09,PAM09(B1ped)_R
553387,CB2667,CB2667_R
553756,KCa'b'-ap1,KCa'b'-ap1_R
554008,FB6T,FB6T_R
555772,SIP076,SIP076_L
555803,AOTU024,AOTU024_R
556300,MBON25-like,MBON25-like(y1y2)_R
556502,LNO1,LNO1_R
557192,AVLP704m,AVLP704m_L
557380,AVLP753m,AVLP753m_L
557836,,
557988,CB3441,CB3441_R
558460,WED002,WED002_R
558665,MBON10,MBON10(B'1)_R
558869,SMP146,SMP146_R
559410,CRE088,CRE088_R
559532,CRE071,CRE071_R
560878,SMP093,SMP093_R
561487,SMP450,SMP450_R
562782,MBON16,MBON16(a'3ap)_R
562916,KCa'b'-ap1,KCa'b'-ap1_R
564952,KCa'b'-m,KCa'b'-m_R
566092,KCg-m,KCg-m_R
567039,SMP086,SMP086_R
567409,PAM04,PAM04(B2)_R
567586,KCa'b'-m,KCa'b'-m_R
568116,SLP102,SLP102_R
568502,ER5,ER5_R
569213,KCg-m,KCg-m_R
569417,KCab-s,KCab-s_R
569687,CB1574,CB1574_L
569848,AVLP753m,AVLP753m_R
570381,SMP110,SMP110_R
570938,KCab-m,KCab-m_R
571508,SMP025,SMP025_R
573391,,
575249,KCa'b'-ap2,KCa'b'-ap2_R
575260,KCab-c,KCab-c_R
575726,SMP110,SMP110_R
577209,,
577933,PAM06,PAM06(B'2m)_L
578554,CRE055,CRE055_R
579647,SMP182,SMP182_R
579919,MBON10,MBON10(B'1)_R
580150,CB2469,CB2469_R
580579,PAM03,PAM03(B2B'2a)_R
580889,SMP450,SMP450_R
581022,,
581422,FB5V_a,FB5V_a_R
583851,KCa'b'-ap2,KCa'b'-ap2_R
588507,FB5W_b,FB5W_b_R
739865,SMP377,SMP377_R
810722,ANXXX150,ANXXX150_R
900744,SMP089,SMP089_R
905600,SMP088,SMP088_R
909818,PAM03,PAM03(B2B'2a)_R
915560,CB2881,CB2881_R
915916,CB4197,CB4197_R
916091,CRE017,CRE017_R
916640,LHPD2a6,LHPD2a6_R
917117,,
918516,KCab-s,KCab-s_R
920537,PAM09,PAM09(B1ped)_L
921942,,
922200,,
923406,KCab-s,KCab-s_R
933708,PAM14,PAM14(B'1m)_R
943004,,
944604,,
945247,,
946152,KCab-s,KCab-s_R
953182,,
953507,CB2184,CB2184_R
953555,,
158122602,,
277730521,,
318400350,,
357776305,,
392108900,,
406529487,,
416711044,,
441191600,,
715312637,CB4159,CB4159_R
716595137,,
784122110,,KC_R_fragment
838491295,,
848986894,,KC_R_fragment
985545304,,KC_R_fragment
